"偏差値","大学名","学部","学費（万円）","系統"
"83","慶応義塾大","法学","","文系"
"82","慶応義塾大","経済","","文系"
"82","早稲田大","政治経済","","文系"
"81","早稲田大","国際教養","","文系"
"81","早稲田大","商学","","文系"
"81","早稲田大","法学","","文系"
"80","早稲田大","社会科学","","文系"
"79","慶応義塾大（総合政策）","総合政策","","文系"
"79","慶応義塾大（文）","文学","","文系"
"79","早稲田大（文）","文学","","文系"
"78","慶応義塾大（商）","商学","","文系"
"77","早稲田大（文化構想）","文化構想","","文系"
"76","上智大（法）","法学","","文系"
"76","慶応義塾大（医-医）","医学","","理系"
"75","国際基督教大（教養）","教養","","文系"
"75","上智大（国際教養）","国際教養","","文系"
"75","早稲田大（教育）","行く","","文系"
"75","立教大（異文化コミュニケーション）","異文化コミュニケーション","","文系"
"75","自治医科大（医-医）","医学","","理系"
"74","同志社大（グローバル・コミュニケーション）","グローバルコミュニケーション","","文系"
"74","法政大（グローバル教養）","グローバル教養","","文系"
"74","立教大（経営）","経営","","文系"
"74","中央大（法）","法学","","文系"
"74","明治大（法）","法学","","文系"
"74","東京慈恵会医科大（医-医）","医学","","理系"
"73","上智大（総合グローバル）","総合グロ＝バル","","文系"
"73","関西学院大（国際）","国際","","文系"
"73","大阪医科大（医-医）","医学","","理系"
"72","同志社大（グローバル地域文化）","グローバル地域文化","","文系"
"72","明治大（国際日本）","国際日本","","文系"
"72","早稲田大（人間科-人間環境科）","人間科学","","文系"
"72","早稲田大（人間科-健康福祉科）","人間科学","","文系"
"72","上智大（外国語）","外国語","","文系"
"72","立教大（社会）","社会","","文系"
"72","慶応義塾大（理工）","理工","","理系"
"72","早稲田大（先進理工）","先進理工","","理系"
"72","気象大学校","","","理系"
"72","国際医療福祉大（医-医）","医学","","理系"
"72","慶応義塾大（薬）","薬学","","理系"
"72","順天堂大（医-医）","医学","","理系"
"72","東京医科大（医-医）","医学","","理系"
"72","日本医科大（医-医）","医学","","理系"
"72","関西医科大（医-医）","医学","","理系"
"72","防衛医科大学校","","","理系"
"71","中央大（総合政策）","総合政策","","文系"
"71","上智大（総合人間科）","総合人間科学","","文系"
"71","青山学院大（総合文化政策）","総合文化政策","","文系"
"71","上智大（経済）","経済","","文系"
"71","立教大（経済）","経済","","文系"
"71","同志社大（経済）","経済","","文系"
"71","明治大（経営）","経営","","文系"
"71","立命館大（国際関係）","国際関係","","文系"
"71","青山学院大（国際政治経済）","国際政治経済","","文系"
"71","明治大（政治経済）","政治経済","","文系"
"71","早稲田大（人間科-人間情報科）","人間科学","","文系"
"71","同志社大（心理）","心理","","文系"
"71","同志社大（社会）","社会","","文系"
"71","明治大（商）","商学","","文系"
"71","立教大（法）","法学","","文系"
"71","同志社大（法）","法学","","文系"
"71","上智大（文）","文学","","文系"
"71","明治大（文）","文学","","文系"
"71","同志社大（文）","文学","","文系"
"71","慶応義塾大（環境情報）","環境情報","","理系"
"71","日本獣医生命科学大（獣医）","獣医","","理系"
"71","早稲田大（基幹理工）","期幹理工","","理系"
"71","早稲田大（創造理工）","創造理工","","理系"
"71","岩手医科大（医-医）","医学","","理系"
"71","東北医科薬科大（医-医）","医学","","理系"
"71","埼玉医科大（医-医）","医学","","理系"
"71","北里大（医-医）","医学","","理系"
"71","杏林大（医-医）","医学","","理系"
"71","昭和大（医-医）","医学","","理系"
"71","帝京大（医-医）","医学","","理系"
"71","東京女子医科大（医-医）","医学","","理系"
"71","東邦大（医-医）","医学","","理系"
"71","日本大（医-医）","医学","","理系"
"71","聖マリアンナ医科大（医-医）","医学","","理系"
"71","金沢医科大（医-医）","医学","","理系"
"71","愛知医科大（医-医）","医学","","理系"
"71","藤田医科大（医-医）","医学","","理系"
"71","近畿大（医-医）","医学","","理系"
"71","兵庫医科大（医-医）","医学","","理系"
"71","久留米大（医-医）","医学","","理系"
"71","産業医科大（医-医）","医学","","理系"
"71","福岡大（医-医）","医学","","理系"
"70","同志社大（商）","しょ湯がく","","文系"
"70","立教大（観光）","観光","","文系"
"70","青山学院大（教育人間科）","教育人間科学","","文系"
"70","南山大（国際教養）","国際教養","","文系"
"70","法政大（国際文化）","国際文化","","文系"
"70","同志社大（政策）","政策","","文系"
"70","明治大（情報コミュニケーション）","情報コミュニケーション","","文系"
"70","関西大（外国語）","外国語","","文系"
"70","立命館大（食マネジメント）","食マネジメント","","文系"
"70","青山学院大（文）","文学","","文系"
"70","麻布大（獣医）","獣医","","理系"
"70","獨協医科大（医-医）","医学","","理系"
"70","東海大（医-医）","医学","","理系"
"70","東京理科大（薬）","薬学","","理系"
"70","川崎医科大（医-医）","医学","","理系"
"69","立命館大（総合心理）","総合心理","","文系"
"69","立命館大（経済）","経済","","文系"
"69","関西学院大（経済）","経済","","文系"
"69","青山学院大（経営）","経営","","文系"
"69","立教大（現代心理）","現代心理","","文系"
"69","青山学院大（法）","法学","","文系"
"69","学習院大（法）","法学","","文系"
"69","法政大（法）","法学","","文系"
"69","立命館大（法）","法学","","文系"
"69","立教大（文）","文学","","文系"
"69","立命館大（文）","文学","","文系"
"69","同志社大（文化情報-文化情報）","文化構想","","文系"
"69","酪農学園大（獣医学群）","獣医学群","","理系"
"69","北里大（獣医）","獣医","","理系"
"69","上智大（理工）","理工","","理系"
"69","東京理科大（理）","理学","","理系"
"69","東京理科大（工）","高額","","理系"
"69","明治大（理工）","理工","","理系"
"69","明治大（農）","能楽","","理系"
"69","同志社大（理工）","理工","","理系"
"69","日本女子大（家政-食物）","家政","","生活科学・芸術"
"69","甲南女子大（医療栄養）","医療栄養","","生活科学・芸術"
"68","津田塾大（総合政策）","総合政策","","文系"
"68","青山学院大（経済）","経済","","文系"
"68","中央大（経済）","経済","","文系"
"68","法政大（経済）","経済","","文系"
"68","法政大（経営）","経営","","文系"
"68","立命館大（経営）","経営","","文系"
"68","学習院大（国際社会科）","国際社会科学","","文系"
"68","青山学院大（地球社会共生）","地球社会共生","","文系"
"68","法政大（人間環境）","人間環境","","文系"
"68","南山大（外国語）","外国語","","文系"
"68","中央大（商）","商学","","文系"
"68","関西学院大（商）","商学","","文系"
"68","南山大（法）","法学","","文系"
"68","関西大（法）","法学","","文系"
"68","法政大（文）","文学","","文系"
"68","関西大（文）","文学","","文系"
"68","関西学院大（文）","文学","","文系"
"68","日本女子大（家政-家政経済）","家政","","文系"
"68","立教大（理）","理学","","理系"
"68","法政大（スポーツ健康）","スポーツ健康","","理系"
"68","早稲田大（スポーツ科）","スポーツ科学","","理系"
"68","日本女子大（家政-児童）","家政","","生活科学・芸術"
"68","日本女子大（家政-住居）","家政","","生活科学・芸術"
"68","京都女子大（家政）","家政","","生活科学・芸術"
"68","武庫川女子大（生活環境-食物栄養）","生活環境","","生活科学・芸術"
"67","関西学院大（社会）","シャ買う","","文系"
"67","青山学院大（コミュニティ人間科）","コミュニティ人間科学","","文系"
"67","立教大（コミュニティ福祉）","コミュニティ福祉","","文系"
"67","学習院大（経済）","経済","","文系"
"67","成蹊大（経済）","経済","","文系"
"67","武蔵大（経済）","経済","","文系"
"67","関西大（経済）","経済","","文系"
"67","武庫川女子大（教育）","教育","","文系"
"67","明治学院大（国際）","国際","","文系"
"67","立命館大（政策科）","政治科学","","文系"
"67","南山大（人文）","人文","","文系"
"67","同志社大（神）","神学","","文系"
"67","青山学院大（社会情報）","社会情報","","文系"
"67","法政大（社会）","社会","","文系"
"67","武蔵大（社会）","社会","","文系"
"67","関西大（社会）","社会","","文系"
"67","関西大（商）","商学","","文系"
"67","関西学院大（法）","法学","","文系"
"67","学習院大（文）","文学","","文系"
"67","中央大（文）","文学","","文系"
"67","東京理科大（理工）","理工","","理系"
"67","同志社大（生命医科）","生命医科","","理系"
"67","防衛大学校","","","理系"
"67","北里大（薬）","薬学","","理系"
"67","慶応義塾大（看護医療）","看護医療","","理系"
"67","聖路加国際大（看護）","看護","","理系"
"66","法政大（キャリアデザイン）","キャリアデザイン","","文系"
"66","東京理科大（経営）","経営","","文系"
"66","文教大（教育）","教育","","文系"
"66","関西学院大（教育）","教育","","文系"
"66","津田塾大（学芸）","学芸","","文系"
"66","獨協大（国際教養）","国際教養","","文系"
"66","法政大（現代福祉）","現代福祉","","文系"
"66","関西大（政策創造）","政策創造","","文系"
"66","武蔵大（人文）","人文","","文系"
"66","明治学院大（心理）","心理","","文系"
"66","中京大（心理）","心理","","文系"
"66","立命館大（産業社会）","産業社会","","文系"
"66","成蹊大（法）","法学","","文系"
"66","東京農業大（応用生物科）","応用生物学","","理系"
"66","明治大（総合数理）","総合数理","","理系"
"66","豊田工業大（工）","高額","","理系"
"66","星薬科大（薬）","薬学","","理系"
"66","同志社大（スポーツ健康科）","スポーツ健康科学","","理系"
"66","日本女子大（家政-被服）","家政","","生活科学・芸術"
"66","名古屋学芸大（管理栄養）","管理栄養","","生活科学・芸術"
"66","同志社女子大（生活科-食物栄養科）","生活科学","","生活科学・芸術"
"65","関西学院大（総合政策）","総合政策","","文系"
"65","南山大（経済）","経済","","文系"
"65","南山大（経営）","経営","","文系"
"65","武蔵野大（教育）","教育","","文系"
"65","中京大（国際教養）","国際教養","","文系"
"65","近畿大（国際）","国際","","文系"
"65","関西学院大（人間福祉）","人間福祉","","文系"
"65","獨協大（外国語）","外国語","","文系"
"65","京都女子大（法）","法学","","文系"
"65","国学院大（文）","文学","","文系"
"65","成蹊大（文）","文学","","文系"
"65","日本女子大（文）","文学","","文系"
"65","龍谷大（文）","文学","","文系"
"65","中央大（理工）","理工","","理系"
"65","東京理科大（基礎工）","基礎高額","","理系"
"65","法政大（デザイン工）","デザイン工学","","理系"
"65","立命館大（生命科）","生命工学","","理系"
"65","北里大（看護）","看護","","理系"
"65","東京歯科大（歯）","歯科","","理系"
"65","東京薬科大（薬）","やくがく","","理系"
"65","名古屋学芸大（看護）","看護","","理系"
"65","福岡大（薬）","薬学","","理系"
"65","立命館大（映像）","映像","","生活科学・芸術"
"65","武庫川女子大（生活環境-生活環境）","生活環境","","生活科学・芸術"
"64","名古屋学芸大（ヒューマンケア）","ヒューマンケア","","文系"
"64","南山大（総合政策）","総合政策","","文系"
"64","成城大（経済）","経済","","文系"
"64","京都女子大（発達教育）","発達教育","","文系"
"64","創価大（国際教養）","国際教養","","文系"
"64","中京大（国際英語）","国際英語","","文系"
"64","西南学院大（国際文化）","国際文学","","文系"
"64","東京女子大（現代教養）","現代教養","","文系"
"64","同志社女子大（現代社会）","現代社会","","文系"
"64","国学院大（人間開発）","人間開発","","文系"
"64","関西外国語大（英語キャリア）","英語キャリア","","文系"
"64","立正大（心理）","心理","","文系"
"64","関西大（社会安全）","社会安全","","文系"
"64","成城大（法）","法学","","文系"
"64","明治学院大（法）","法学","","文系"
"64","中京大（文）","文学","","文系"
"64","京都女子大（文）","文学","","文系"
"64","西南学院大（文）","文学","","文系"
"64","青山学院大（理工）","理工","","理系"
"64","北里大（理）","理学","","理系"
"64","順天堂大（医療看護）","医療看護","","理系"
"64","昭和大（薬）","薬学","","理系"
"64","日本赤十字看護大（看護）","看護","","理系"
"64","武蔵野大（薬）","薬学","","理系"
"64","武蔵野大（看護）","看護","","理系"
"64","京都薬科大（薬）","薬学","","理系"
"64","立命館大（薬）","薬学","","理系"
"64","立命館大（スポーツ健康科）","スポーツ健康科学","","理系"
"64","関西大（人間健康）","人間健康","","理系"
"64","川崎医療福祉大（保健看護）","保険看護","","理系"
"64","同志社女子大（生活科-人間生活）","生活科学","","生活科学・芸術"
"63","国学院大（経済）","経済","","文系"
"63","明治学院大（経済）","経済","","文系"
"63","中京大（経済）","経済","","文系"
"63","近畿大（経済）","経済","","文系"
"63","中京大（経営）","経営","","文系"
"63","玉川大（教育）","教育","","文系"
"63","明星大（教育）","教育","","文系"
"63","佛教大（教育）","教育","","文系"
"63","愛知大（国際コミュニケーション）","国際コミュニケーション","","文系"
"63","東洋大（国際観光）","国際観光","","文系"
"63","学習院女子大（国際文化交流）","国際文化交流","","文系"
"63","龍谷大（国際）","国際","","文系"
"63","名古屋外国語大（現代国際）","現代国際","","文系"
"63","京都女子大（現代社会）","現代社会","","文系"
"63","日本女子大（人間社会）","人間社会","","文系"
"63","専修大（人間科）","人間科学","","文系"
"63","成城大（社会イノベーション）","社会イノベーション","","文系"
"63","明治学院大（社会）","社会","","文系"
"63","愛知淑徳大（福祉貢献）","福祉貢献","","文系"
"63","国学院大（法）","法学","","文系"
"63","日本大（法）","法学","","文系"
"63","明治学院大（文）","文学","","文系"
"63","学習院大（理）","理学","","理系"
"63","芝浦工業大（建築）","建築","","理系"
"63","日本女子大（理）","理学","","理系"
"63","法政大（生命科）","生命科学","","理系"
"63","立命館大（理工）","理工","","理系"
"63","立命館大（情報理工）","情報理工","","理系"
"63","関西大（総合情報-総合情報）","総合定業","","理系"
"63","近畿大（農）","農学","","理系"
"63","関西学院大（理工）","理工","","理系"
"63","岡山理科大（獣医）","獣医","","理系"
"63","昭和薬科大（薬）","薬学","","理系"
"63","東京医科大（医-看護）","医学","","理系"
"63","東京慈恵会医科大（医-看護）","医学","","理系"
"63","東邦大（薬）","薬学","","理系"
"63","明治薬科大（薬）","薬学","","理系"
"63","愛知医科大（看護）","看護","","理系"
"63","名城大（薬）","薬学","","理系"
"63","京都橘大（看護）","看護","","理系"
"63","同志社女子大（看護）","看護","","理系"
"63","大阪医科大（看護）","看護","","理系"
"63","大阪薬科大（薬）","薬学","","理系"
"63","近畿大（薬）","薬学","","理系"
"62","武蔵野大（グローバル）","グローバル","","文系"
"62","立命館アジア太平洋大（アジア太平洋）","アジア太平洋","","文系"
"62","中京大（総合政策）","総合政策","","文系"
"62","日本大（経済）","経済","","文系"
"62","岐阜聖徳学園大（教育）","教育","","文系"
"62","立命館アジア太平洋大（国際経営）","国際経営","","文系"
"62","東洋大（国際）","国際","","文系"
"62","同志社女子大（表象文化）","表現文化","","文系"
"62","関西外国語大（外国語）","外国語","","文系"
"62","愛知淑徳大（心理）","心理","","文系"
"62","名古屋外国語大（世界共生）","世界共生","","文系"
"62","日本大（商）","商学","","文系"
"62","愛知大（法）","法学","","文系"
"62","龍谷大（法）","法学","","文系"
"62","西南学院大（法）","法学","","文系"
"62","駒澤大（文）","文学","","文系"
"62","東洋大（文）","文学","","文系"
"62","二松学舎大（文）","文学","","文系"
"62","愛知淑徳大（文）","文学","","文系"
"62","甲南大（文）","文学","","文系"
"62","武庫川女子大（文）","文学","","文系"
"62","成城大（文芸）","文芸","","文系"
"62","芝浦工業大（工）","工学","","理系"
"62","芝浦工業大（システム理工）","システム理工","","理系"
"62","東京農業大（農）","農学","","理系"
"62","東京農業大（生命科）","生命科学","","理系"
"62","法政大（情報科）","情報科学","","理系"
"62","法政大（理工）","理工","","理系"
"62","名城大（農）","農学","","理系"
"62","関西大（システム理工）","システム理工","","理系"
"62","関西大（化学生命工）","科学生命工学","","理系"
"62","海上保安大学校","","","理系"
"62","自治医科大（看護）","看護","","理系"
"62","昭和大（歯）","歯科","","理系"
"62","東海大（医-看護）","医学","","理系"
"62","川崎医療福祉大（リハビリテーション）","リハビリテーション","","理系"
"62","福岡大（医-看護）","医学","","理系"
"62","昭和女子大（生活科）","生活科学","","生活科学・芸術"
"62","椙山女学園大（生活科）","生活科学","","生活科学・芸術"
"62","神戸女子大（家政）","家政","","生活科学・芸術"
"61","武蔵野大（データサイエンス）","データサイエンス","","文系"
"61","駒澤大（グローバル・メディア・スタディ）","グローバル・メディア・スタディ","","文系"
"61","近畿大（総合社会）","総合社会","","文系"
"61","龍谷大（経済）","経済","","文系"
"61","甲南大（経済）","経済","","文系"
"61","西南学院大（経済）","経済","","文系"
"61","駒澤大（経営）","経営","","文系"
"61","東洋大（経営）","経営","","文系"
"61","龍谷大（経営）","経営","","文系"
"61","近畿大（経営）","経営","","文系"
"61","甲南大（経営）","経営","","文系"
"61","佛教大（歴史）","歴史","","文系"
"61","椙山女学園大（教育）","教育","","文系"
"61","安田女子大（教育）","教育","","文系"
"61","同志社女子大（学芸）","学芸","","文系"
"61","順天堂大（国際教養）","国際教養","","文系"
"61","昭和女子大（国際）","国際","","文系"
"61","聖心女子大（現代教養）","現代教養","","文系"
"61","武蔵野美術大（造形構想）","造形構想","","文系"
"61","龍谷大（政策）","政策","","文系"
"61","昭和女子大（人間社会）","人間社会","","文系"
"61","名古屋外国語大（外国語）","外国語","","文系"
"61","上智大（神）","神学","","文系"
"61","東洋大（社会）","社会","","文系"
"61","西南学院大（商）","商学","","文系"
"61","東洋大（法）","法学","","文系"
"61","中京大（法）","法学","","文系"
"61","近畿大（法）","法学","","文系"
"61","日本大（文理）","文理","","文系"
"61","芝浦工業大（デザイン工）","デザイン工学","","理系"
"61","東京薬科大（生命科）","生命工学","","理系"
"61","日本大（生物資源科）","生物資源科学","","理系"
"61","武蔵野大（工）","工学","","理系"
"61","関西大（環境都市工）","環境都市工学","","理系"
"61","近畿大（建築）","建築","","理系"
"61","航空保安大学校","","","理系"
"61","共立女子大（看護）","看護","","理系"
"61","順天堂大（スポーツ健康科）","スポーツ健康科学","","理系"
"61","日本大（薬）","薬学","","理系"
"61","日本赤十字豊田看護大（看護）","看護","","理系"
"61","藤田医科大（保健衛生）","保健衛生","","理系"
"61","同志社女子大（薬）","薬学","","理系"
"61","佛教大（保健医療技術）","保健医療技術","","理系"
"61","関西医科大（看護）","看護","","理系"
"61","甲南女子大（看護リハビリテーション）","看護リハビリテーション","","理系"
"61","神戸女子大（看護）","看護","","理系"
"61","神戸薬科大（薬）","薬学","","理系"
"61","兵庫医療大（看護）","看護","","理系"
"61","武庫川女子大（健康・スポーツ科）","健康・スポーツ科学","","理系"
"61","産業医科大（産業保健）","産業保健","","理系"
"61","国立看護大学校","","","理系"
"61","東京家政大（家政）","家政","","生活科学・芸術"
"61","中村学園大（栄養科-栄養科）","栄養科学","","生活科学・芸術"
"60","昭和女子大（グローバルビジネス）","グローバルビジネス","","文系"
"60","駒澤大（経済）","経済","","文系"
"60","専修大（経済）","経済","","文系"
"60","東洋大（経済）","経済","","文系"
"60","愛知大（経済）","経済","","文系"
"60","皇学館大（教育）","教育","","文系"
"60","畿央大（教育）","教育","","文系"
"60","西南学院大（人間科）","人間科学","","文系"
"60","武蔵野大（人間科）","人間科学","","文系"
"60","日本大（危機管理）","危機管理","","文系"
"60","関西学院大（神）","神学","","文系"
"60","名古屋外国語大（世界教養）","世界教養","","文系"
"60","駒澤大（法）","法学","","文系"
"60","専修大（法）","法学","","文系"
"60","専修大（文）","文学","","文系"
"60","武蔵野大（文）","文学","","文系"
"60","愛知大（文）","文学","","文系"
"60","近畿大（文芸）","文芸","","文系"
"60","玉川大（農）","農学","","理系"
"60","東京工科大（応用生物）","応用生物","","理系"
"60","東京農業大（国際食料情報）","国際食料情報","","理系"
"60","東京農業大（地域環境科）","地域環境科学","","理系"
"60","日本大（理工）","理工","","理系"
"60","名城大（理工）","理工","","理系"
"60","甲南大（フロンティアサイエンス）","フロンティアサイエンス","","理系"
"60","天使大（看護栄養）","かんごえいようj","","理系"
"60","北海道医療大（医療技術）","医療技術","","理系"
"60","国際医療福祉大（薬）","薬学","","理系"
"60","国際医療福祉大（小田原保健医療）","小田原保健医療","","理系"
"60","国際医療福祉大（福岡看護）","福岡看護","","理系"
"60","国際医療福祉大（成田看護）","成田看護","","理系"
"60","杏林大（保健）","保健","","理系"
"60","駒澤大（医療健康科）","医療健康科学","","理系"
"60","駒沢女子大（看護）","看護","","理系"
"60","順天堂大（保健看護）","保健看護","","理系"
"60","帝京大（薬）","薬学","","理系"
"60","東京医療保健大（東が丘・立川看護）","東が丘・立川看護","","理系"
"60","東京医療保健大（和歌山看護）","和歌山看護","","理系"
"60","東京医療保健大（千葉看護）","千葉看護","","理系"
"60","東京工科大（医療保健）","医療保険","","理系"
"60","東邦大（看護）","看護","","理系"
"60","東邦大（健康科）","健康科学","","理系"
"60","東洋大（ライフデザイン-健康スポーツ）","ライフデザイン","","理系"
"60","日本大（歯）","歯科","","理系"
"60","金城学院大（薬）","薬学","","理系"
"60","椙山女学園大（看護）","看護","","理系"
"60","中京大（スポーツ科）","スポーツ科学","","理系"
"60","名古屋女子大（健康科）","健康科学","","理系"
"60","藤田医科大（医療科）","医療科学","","理系"
"60","武庫川女子大（看護）","看護","","理系"
"60","畿央大（健康科）","健康科学","","理系"
"60","広島国際大（看護）","看護","","理系"
"60","広島国際大（総合リハビリテーション）","総合リハビリテーション","","理系"
"60","久留米大（医-看護）","医学","","理系"
"60","女子栄養大（栄養）","栄養","","生活科学・芸術"
"60","東京家政大（子ども）","子ども","","生活科学・芸術"
"59","獨協大（経済）","経済","","文系"
"59","武蔵野大（経済）","経済","","文系"
"59","専修大（経営）","経営","","文系"
"59","立正大（経営）","経営","","文系"
"59","愛知大（経営）","経営","","文系"
"59","帝京大（教育）","教育","","文系"
"59","日本大（国際関係）","国際関係","","文系"
"59","京都外国語大（国際貢献）","国際貢献","","文系"
"59","中京大（現代社会）","現代社会","","文系"
"59","国士舘大（政経）","政経","","文系"
"59","大和大（政治経済）","政治経済","","文系"
"59","福岡大（人文）","人文","","文系"
"59","金城学院大（人間科）","人間科学","","文系"
"59","京都産業大（外国語）","外国語","","文系"
"59","国学院大（神道文化）","神道文化","","文系"
"59","武庫川女子大（生活環境-情報メディア）","生活環境","","文系"
"59","龍谷大（社会）","社会","","文系"
"59","獨協大（法）","法学","","文系"
"59","武蔵野大（法）","法学","","文系"
"59","文教大（文）","文学","","文系"
"59","立正大（文）","文学","","文系"
"59","神戸女学院大（文）","文学","","文系"
"59","ノートルダム清心女子大（文）","文学","","文系"
"59","高崎健康福祉大（農）","農学","","理系"
"59","北里大（海洋生命科）","海洋生命科学","","理系"
"59","成蹊大（理工）","理工","","理系"
"59","東邦大（理）","理学","","理系"
"59","日本獣医生命科学大（応用生命科）","応用生命科学","","理系"
"59","武庫川女子大（生活環境-建築）","生活環境","","理系"
"59","中村学園大（栄養科-フード・マネジメント）","栄養科学","","理系"
"59","群馬医療福祉大（看護）","看護","","理系"
"59","群馬パース大（保健科）","保健科学","","理系"
"59","高崎健康福祉大（保健医療）","保健医療","","理系"
"59","城西国際大（看護）","看護","","理系"
"59","北里大（医療衛生）","医療衛生","","理系"
"59","創価大（看護）","看護","","理系"
"59","東京家政大（健康科）","健康科学","","理系"
"59","東京女子医科大（看護）","看護","","理系"
"59","日本歯科大（生命歯）","生命歯科","","理系"
"59","新潟青陵大（看護）","看護","","理系"
"59","聖隷クリストファー大（看護）","看護","","理系"
"59","愛知淑徳大（健康医療科）","健康医療科学","","理系"
"59","日本福祉大（看護）","看護","","理系"
"59","四日市看護医療大（看護）","看護","","理系"
"59","京都橘大（健康科）","健康科学","","理系"
"59","摂南大（薬）","薬学","","理系"
"59","摂南大（看護）","看護","","理系"
"59","千里金蘭大（看護）","看護","","理系"
"59","大和大（保健医療）","保健医療","","理系"
"59","広島国際大（保健医療）","保健医療","","理系"
"59","大妻女子大（家政）","家政","","生活科学・芸術"
"59","駒沢女子大（人間健康）","人間健康","","生活科学・芸術"
"59","武蔵野美術大（造形）","造形","","生活科学・芸術"
"59","鎌倉女子大（家政）","家政","","生活科学・芸術"
"59","金城学院大（生活環境）","生活環境","","生活科学・芸術"
"58","甲南大（マネジメント創造）","マネジメント創造","","文系"
"58","愛知淑徳大（グローバル・コミュニケーション）","グローバル・コミュニケーション","","文系"
"58","立正大（経済）","経済","","文系"
"58","大阪経済大（経済）","経済","","文系"
"58","福岡大（経済）","経済","","文系"
"58","国士舘大（経営）","経営","","文系"
"58","京都橘大（発達教育）","発達教育","","文系"
"58","東北福祉大（教育）","教育","","文系"
"58","創価大（教育）","教育","","文系"
"58","四天王寺大（教育）","教育","","文系"
"58","椙山女学園大（国際コミュニケーション）","国際コミュニケーション","","文系"
"58","松山大（人文）","人文","","文系"
"58","昭和女子大（人間文化）","人間文化","","文系"
"58","文教大（人間科）","人間科学","","文系"
"58","大阪経済大（人間科）","人間科学","","文系"
"58","神戸女学院大（人間科）","人間科学","","文系"
"58","神田外語大（外国語）","外国語","","文系"
"58","関西外国語大（英語国際）","英語国際","","文系"
"58","専修大（商）","商学","","文系"
"58","甲南大（法）","法学","","文系"
"58","松山大（法）","法学","","文系"
"58","北星学園大（文）","文学","","文系"
"58","清泉女子大（文）","文学","","文系"
"58","金城学院大（文）","文学","","文系"
"58","名古屋女子大（文）","文学","","文系"
"58","工学院大（建築）","建築","","理系"
"58","東京電機大（未来科）","未来科学","","理系"
"58","東京都市大（知識工）","知識工学","","理系"
"58","中京大（工）","工学","","理系"
"58","近畿大（理工）","理工","","理系"
"58","獨協医科大（看護）","看護","","理系"
"58","群馬医療福祉大（リハビリテーション）","リハビリテーション","","理系"
"58","帝京平成大（薬）","薬学","","理系"
"58","岐阜医療科学大（保健科）","被験科学","","理系"
"58","岐阜医療科学大（看護）","看護","","理系"
"58","愛知学院大（薬）","薬学","","理系"
"58","名古屋学院大（リハビリテーション）","リハビリテーション","","理系"
"58","鈴鹿医療科学大（看護）","看護","","理系"
"58","関西医療大（保健看護）","保健看護","","理系"
"58","四天王寺大（看護）","看護","","理系"
"58","関西福祉大（看護）","看護","","理系"
"58","兵庫大（看護）","看護","","理系"
"58","共立女子大（家政）","家政","","生活科学・芸術"
"58","東海学園大（健康栄養）","健康栄養","","生活科学・芸術"
"58","大阪樟蔭女子大（健康栄養）","健康栄養","","生活科学・芸術"
"58","ノートルダム清心女子大（人間生活）","人間生活","","生活科学・芸術"
"58","九州栄養福祉大（食物栄養）","食物栄養","","生活科学・芸術"
"57","玉川大（リベラルアーツ）","リベラルアーツ","","文系"
"57","東洋大（ライフデザイン-生活支援）","ライフデザイン","","文系"
"57","愛知淑徳大（ビジネス）","ビジネス","","文系"
"57","専修大（ネットワーク情報-ネットワーク情報）","ネットワーク情報","","文系"
"57","東海大（観光）","観光","","文系"
"57","創価大（経済）","経済","","文系"
"57","東京経済大（経済）","経済","","文系"
"57","名城大（経済）","経済","","文系"
"57","京都産業大（経済）","経済","","文系"
"57","松山大（経済）","経済","","文系"
"57","産業能率大（経営）","経営","","文系"
"57","東京経済大（経営）","経営","","文系"
"57","名城大（経営）","経営","","文系"
"57","大阪経済大（経営）","経営","","文系"
"57","常葉大（教育）","教育","","文系"
"57","中村学園大（教育）","教育","","文系"
"57","東北学院大（教養）","教養","","文系"
"57","亜細亜大（国際関係）","国際関係","","文系"
"57","京都産業大（国際関係）","国際関係","","文系"
"57","フェリス女学院大（国際交流）","国際交流","","文系"
"57","文教大（国際）","国際","","文系"
"57","共立女子大（国際）","国際","","文系"
"57","愛知大（現代中国）","現代中国","","文系"
"57","京都産業大（現代社会）","現代社会","","文系"
"57","東京家政大（人文）","人文","","文系"
"57","白百合女子大（人間総合）","人間総合","","文系"
"57","神奈川大（人間科）","人間科学","","文系"
"57","神奈川大（外国語）","外国語","","文系"
"57","名城大（外国語）","外国語","","文系"
"57","追手門学院大（心理）","心理","","文系"
"57","大和大（教育）","心理","","文系"
"57","日本社会事業大（社会福祉）","社会福祉","","文系"
"57","福岡大（商）","商学","","文系"
"57","創価大（法）","法学","","文系"
"57","立正大（法）","法学","","文系"
"57","名城大（法）","法学","","文系"
"57","福岡大（法）","法学","","文系"
"57","東北学院大（文）","文学","","文系"
"57","大妻女子大（文）","文学","","文系"
"57","国士舘大（文）","文学","","文系"
"57","創価大（文）","文学","","文系"
"57","玉川大（文）","文学","","文系"
"57","東海大（文）","文学","","文系"
"57","愛知淑徳大（交流文化）","交流文化","","文系"
"57","国士舘大（２１世紀アジア）","21世紀アジア","","文系"
"57","工学院大（先進工）","先進工","","理系"
"57","創価大（理工）","理工","","理系"
"57","東京工科大（メディア）","メディア","","理系"
"57","東京電機大（工）","工学","","理系"
"57","東京電機大（システムデザイン工）","システムデザイン工学","","理系"
"57","東京都市大（メディア情報-情報システム）","メディア情報","","理系"
"57","東京都市大（工）","工学","","理系"
"57","東洋大（生命科）","生命科学","","理系"
"57","南山大（理工）","理工","","理系"
"57","龍谷大（農）","農学","","理系"
"57","近畿大（生物理工）","政務釣りこう","","理系"
"57","甲南大（理工）","理工","","理系"
"57","日本赤十字北海道看護大（看護）","看護","","理系"
"57","北海道医療大（リハビリテーション科）","リハビリテーション科学","","理系"
"57","東北福祉大（健康科）","健康科学","","理系"
"57","国際医療福祉大（保健医療）","保健医療","","理系"
"57","文教大（健康栄養）","保健栄養","","理系"
"57","昭和大（保健医療）","保健医療","","理系"
"57","帝京大（医療技術）","医療技術","","理系"
"57","帝京平成大（健康メディカル）","健康メディカル","","理系"
"57","東海大（健康）","健康","","理系"
"57","日本大（スポーツ科）","スポーツ科学","","理系"
"57","日本体育大（体育）","体育","","理系"
"57","関東学院大（看護）","看護","","理系"
"57","金沢医科大（看護）","看護","","理系"
"57","朝日大（保健医療）","保健医療","","理系"
"57","大阪歯科大（歯）","歯科","","理系"
"57","神戸学院大（薬）","薬学","","理系"
"57","兵庫医療大（リハビリテーション）","リハビリテーション","","理系"
"57","崇城大（薬）","薬学","","理系"
"57","実践女子大（生活科）","生活科学","","生活科学・芸術"
"57","多摩美術大（美術）","美術","","生活科学・芸術"
"57","日本大（芸術）","芸術","","生活科学・芸術"
"57","相模女子大（栄養科）","栄養科学","","生活科学・芸術"
"57","仁愛大（人間生活）","人間生活","","生活科学・芸術"
"57","名古屋学芸大（メディア造形）","メディア造形","","生活科学・芸術"
"57","神戸学院大（栄養）","栄養","","生活科学・芸術"
"56","東京経済大（コミュニケーション）","コミュニケーション","","文系"
"56","玉川大（観光）","観光","","文系"
"56","東北福祉大（総合福祉）","総合福祉","","文系"
"56","愛知学院大（経済）","経済","","文系"
"56","創価大（経営）","経営","","文系"
"56","愛知学院大（経営）","経営","","文系"
"56","京都産業大（経営）","経営","","文系"
"56","松山大（経営）","経営","","文系"
"56","二松学舎大（国際政治経済）","国際政治経済","","文系"
"56","椙山女学園大（現代マネジメント）","現代マネジメント","","文系"
"56","東京経済大（現代法）","現代法","","文系"
"56","愛知大（地域政策）","地域政策","","文系"
"56","広島修道大（人文）","人文","","文系"
"56","愛知淑徳大（人間情報）","人間情報","","文系"
"56","実践女子大（人間社会）","人間社会","","文系"
"56","名城大（人間）","人間","","文系"
"56","愛知学院大（心身科）","心身科学","","文系"
"56","明星大（心理）","心理","","文系"
"56","広島修道大（商）","商学","","文系"
"56","北海学園大（法）","法学","","文系"
"56","東海大（法）","法学","","文系"
"56","神奈川大（法）","法学","","文系"
"56","京都産業大（法）","法学","","文系"
"56","白百合女子大（文）","文学","","文系"
"56","大正大（文）","文学","","文系"
"56","帝京大（文）","文学","","文系"
"56","フェリス女学院大（文）","文学","","文系"
"56","京都産業大（文化）","文化","","文系"
"56","共立女子大（文芸）","文芸","","文系"
"56","広島修道大（健康科）","健康科学","","文系"
"56","千葉工業大（先進工）","先進工","","理系"
"56","工学院大（情報）","情報","","理系"
"56","工学院大（工）","工学","","理系"
"56","東京工科大（コンピュータサイエンス）","コンピュータサイエンス","","理系"
"56","東京農業大（生物産業）","生物産業","","理系"
"56","東洋大（食環境科）","食環境科学","","理系"
"56","中部大（応用生物）","応用生物","","理系"
"56","京都産業大（生命科）","生命科学","","理系"
"56","近畿大（産業理工-生物環境化）","産業理工","","理系"
"56","吉備国際大（農）","農学","","理系"
"56","日本赤十字秋田看護大（看護）","看護","","理系"
"56","国際医療福祉大（赤坂心理・医療福祉マネジメント）","赤坂心理・医療福祉マネジメント","","理系"
"56","東都医療大（ヒューマンケア）","ヒューマンケア","","理系"
"56","東海大（体育）","体育","","理系"
"56","東京純心大（看護）","看護","","理系"
"56","目白大（看護）","看護","","理系"
"56","横浜薬科大（薬）","薬学","","理系"
"56","聖隷クリストファー大（リハビリテーション）","リハビリテーション","","理系"
"56","常葉大（健康科）","健康科学","","理系"
"56","中部大（生命健康科）","生命健康科学","","理系"
"56","日本福祉大（スポーツ科）","スポーツ科学","","理系"
"56","川崎医療福祉大（医療技術）","医療技術","","理系"
"56","日本赤十字広島看護大（看護）","看護","","理系"
"56","安田女子大（看護）","看護","","理系"
"56","東北芸術工科大（デザイン工）","デザイン工学","","生活科学・芸術"
"56","玉川大（芸術）","芸術","","生活科学・芸術"
"56","山梨学院大（健康栄養）","健康栄養","","生活科学・芸術"
"56","愛知淑徳大（創造表現）","創造表現","","生活科学・芸術"
"56","桜花学園大（保育）","保育","","生活科学・芸術"
"55","東京都市大（メディア情報-社会メディア）","メディア情報","","文系"
"55","桜美林大（グローバル・コミュニケーション）","グローバル・コミュニケーション","","文系"
"55","神戸学院大（グローバル・コミュニケーション）","グローバル・コミュニケーション","","文系"
"55","東京経済大（キャリアデザインプログラム）","キャリアデザイン・プログラム","","文系"
"55","東洋大（総合情報-総合情報）","総合情報","","文系"
"55","神奈川大（経済）","経済","","文系"
"55","北海学園大（経営）","経営","","文系"
"55","東北学院大（経営）","経営","","文系"
"55","茨城キリスト教大（経営）","経営","","文系"
"55","文教大（経営）","経営","","文系"
"55","大東文化大（経営）","経営","","文系"
"55","関東学院大（教育）","教育","","文系"
"55","関西福祉大（教育）","教育","","文系"
"55","就実大（教育）","教育","","文系"
"55","東海大（教養-国際）","教養","","文系"
"55","広島修道大（国際コミュニティ）","国際コミュニティ","","文系"
"55","金城学院大（国際情報）","国際情報","","文系"
"55","京都橘大（国際英語）","国際英語","","文系"
"55","共愛学園前橋国際大（国際社会）","国際社会","","文系"
"55","拓殖大（国際）","国際","","文系"
"55","京都橘大（現代ビジネス）","現代ビジネス","","文系"
"55","安田女子大（現代ビジネス）","現代ビジネス","","文系"
"55","大正大（地域創生）","地域創生","","文系"
"55","拓殖大（政経）","政経","","文系"
"55","東海大（政治経済）","政治経済","","文系"
"55","大阪経済大（情報社会）","情報社会","","文系"
"55","東洋大（情報連携-情報連携）","情報連隊","","文系"
"55","北海学園大（人文）","人文","","文系"
"55","椙山女学園大（人間関係）","人間関係","","文系"
"55","大妻女子大（人間関係）","人間関係","","文系"
"55","東京都市大（人間科）","人間科学","","文系"
"55","大正大（心理社会）","心理社会","","文系"
"55","跡見学園女子大（心理）","心理","","文系"
"55","西南学院大（神）","神学","","文系"
"55","大妻女子大（社会情報）","社会情報","","文系"
"55","佛教大（社会）","社会","","文系"
"55","愛知学院大（商）","商学","","文系"
"55","大妻女子大（比較文化）","比較文化","","文系"
"55","東北学院大（法）","法学","","文系"
"55","椙山女学園大（文化情報）","文化情報","","文系"
"55","東京都市大（都市生活）","都市生活","","文系"
"55","千葉工業大（情報科）","情報科学","","理系"
"55","東海大（生物）","生物","","理系"
"55","東京工科大（工）","工学","","理系"
"55","東京都市大（環境）","環境","","理系"
"55","東京理科大（理二）","理学","","理系"
"55","東洋大（ライフデザイン-人間環境デザイン）","ライフデザイン","","理系"
"55","神奈川大（理）","理学","","理系"
"55","愛知工業大（情報科）","情報科学","","理系"
"55","愛知工業大（工）","工学","","理系"
"55","京都産業大（理）","理学","","理系"
"55","龍谷大（理工）","理工","","理系"
"55","甲南大（知能情報）","知識情報","","理系"
"55","水産大学校","","","理系"
"55","北海道科学大（保健医療）","保健医療","","理系"
"55","国際医療福祉大（成田保健医療）","成田保健医療","","理系"
"55","日本保健医療大（保健医療）","保健医療","","理系"
"55","日本大（松戸歯）","歯科","","理系"
"55","愛知学院大（歯）","歯科","","理系"
"55","豊橋創造大（保健医療）","保健医療","","理系"
"55","大阪保健医療大（保健医療）","保健医療","","理系"
"55","神戸女子大（健康福祉）","健康福祉","","理系"
"55","神戸常盤大（保健科）","保健科学","","理系"
"55","武庫川女子大（薬）","薬学","","理系"
"55","奈良学園大（保健医療）","保健医療","","理系"
"55","福岡大（スポーツ科）","スポーツ科学","","理系"
"55","熊本保健科学大（保健科）","保健科学","","理系"
"55","東北芸術工科大（芸術）","芸術","","生活科学・芸術"
"55","京都美術工芸大（工芸）","工芸","","生活科学・芸術"
"54","桜美林大（リベラルアーツ学群）","リベラルアーツ学群","","文系"
"54","広島修道大（経済科）","経済科学","","文系"
"54","北海学園大（経済）","経済","","文系"
"54","東北学院大（経済）","経済","","文系"
"54","大東文化大（経済）","経済","","文系"
"54","亜細亜大（経営）","経営","","文系"
"54","玉川大（経営）","経営","","文系"
"54","神奈川大（経営）","経営","","文系"
"54","大谷大（教育）","教育","","文系"
"54","大阪体育大（教育）","教育","","文系"
"54","岡山理科大（教育）","教育","","文系"
"54","広島文教大（教育）","教育","","文系"
"54","東海大（教養-人間環境）","教養","","文系"
"54","秀明大（学校教師）","学校教師","","文系"
"54","大東文化大（国際関係）","国際関係","","文系"
"54","宮城学院女子大（現代ビジネス）","現代ビジネス","","文系"
"54","阪南大（国際コミュニケーション）","際コミュニケーション","","文系"
"54","産業能率大（情報マネジメント）","情報マネジメント","","文系"
"54","名古屋学院大（外国語）","外国語","","文系"
"54","京都外国語大（外国語）","外国語","","文系"
"54","安田女子大（心理）","心理","","文系"
"54","立正大（社会福祉）","社会福祉","","文系"
"54","新潟青陵大（福祉心理）","福祉心理","","文系"
"54","大東文化大（法）","法学","","文系"
"54","愛知学院大（法）","法学","","文系"
"54","広島修道大（法）","法学","","文系"
"54","藤女子大（文）","文学","","文系"
"54","実践女子大（文）","文学","","文系"
"54","大東文化大（文）","文学","","文系"
"54","佛教大（文）","文学","","文系"
"54","神戸女子大（文）","文学","","文系"
"54","東海大（文化社会）","文化社会","","文系"
"54","中村学園大（流通科）","流通科学","","文系"
"54","名城大（都市情報）","都市情報","","文系"
"54","千葉工業大（創造工）","創造工学","","理系"
"54","国士舘大（理工）","理工","","理系"
"54","東海大（農）","農学","","理系"
"54","東京電機大（理工）","理工","","理系"
"54","立正大（地球環境科）","地球環境科学","","理系"
"54","麻布大（生命・環境科）","生命・環境科学","","理系"
"54","神奈川工科大（応用バイオ科）","応用バイオ科学","","理系"
"54","金沢工業大（バイオ・化）","バイオ・化学","","理系"
"54","京都産業大（情報理工）","情報理工","","理系"
"54","大阪工業大（工）","こうがく","","理系"
"54","大阪工業大（ロボティクス＆デザイン工）","ロボティクス＆デザイン工学","","理系"
"54","近畿大（産業理工-建築・デザイン）","産業理工","","理系"
"54","福岡大（理）","理工","","理系"
"54","北海道医療大（看護福祉）","看護福祉","","理系"
"54","岩手医科大（看護）","看護","","理系"
"54","国際医療福祉大（福岡保健医療）","保健医療","","理系"
"54","高崎健康福祉大（薬）","薬学","","理系"
"54","埼玉医科大（保健医療）","保健医療","","理系"
"54","東都医療大（幕張ヒューマンケア）","ヒューマンケア","","理系"
"54","日本医療科学大（保健医療）","保健医療","","理系"
"54","明海大（歯）","歯科","","理系"
"54","了徳寺大（健康科）","健康科学","","理系"
"54","国士舘大（体育）","体育","","理系"
"54","大東文化大（スポーツ・健康科）","スポーツ・健康科学","","理系"
"54","東京医療保健大（医療保健）","医療保健","","理系"
"54","文京学院大（保健医療技術）","保健医療技術","","理系"
"54","長岡崇徳大（看護）","看護","","理系"
"54","新潟医療福祉大（医療技術）","医療技術","","理系"
"54","新潟医療福祉大（健康科）","健康科学","","理系"
"54","新潟医療福祉大（リハビリテーション）","リハビリテーション","","理系"
"54","新潟医療福祉大（看護）","看護","","理系"
"54","金城大（看護）","看護","","理系"
"54","清泉女学院大（看護）","看護","","理系"
"54","長野保健医療大（看護）","看護","","理系"
"54","至学館大（健康科）","健康科学","","理系"
"54","関西国際大（保健医療）","保健医療","","理系"
"54","天理医療大（医療）","医療","","理系"
"54","吉備国際大（保健医療福祉）","健康医療福祉","","理系"
"54","九州栄養福祉大（リハビリテーション）","リハビリテーション","","理系"
"54","日本赤十字九州国際看護大（看護）","看護","","理系"
"54","福岡女学院看護大（看護）","看護","","理系"
"54","尚絅学院大（健康栄養学群）","健康栄養学群","","生活科学・芸術"
"54","文教大（情報）","情報","","生活科学・芸術"
"54","大正大（表現）","表現","","生活科学・芸術"
"54","関東学院大（栄養）","栄養","","生活科学・芸術"
"54","常葉大（保育）","保育","","生活科学・芸術"
"54","京都精華大（デザイン）","デザイン","","生活科学・芸術"
"54","大阪総合保育大（児童保育）","児童保育","","生活科学・芸術"
"54","美作大（生活科）","生活科学","","生活科学・芸術"
"53","桜美林大（ビジネスマネジメント学群）","ビジネスマネジメント学群","","文系"
"53","跡見学園女子大（観光コミュニティ）","観光コミュニティ","","文系"
"53","愛知学院大（総合政策）","総合政策","","文系"
"53","北星学園大（経済）","経済","","文系"
"53","亜細亜大（経済）","経済","","文系"
"53","摂南大（経済）","経済","","文系"
"53","東洋大（経営イブニング）","経営イブニング","","文系"
"53","就実大（経営）","経営","","文系"
"53","宮城学院女子大（教育）","教育","","文系"
"53","白鷗大（教育）","教育","","文系"
"53","共栄大（教育）","教育","","文系"
"53","阪南大（国際観光）","国際観光","","文系"
"53","中部大（現代教育）","現代教育","","文系"
"53","追手門学院大（地域創造）","地域創造","","文系"
"53","麗澤大（外国語）","外国語","","文系"
"53","帝京大（外国語）","外国語","","文系"
"53","摂南大（外国語）","外国語","","文系"
"53","神戸学院大（心理）","心理","","文系"
"53","大東文化大（社会）","社会","","文系"
"53","拓殖大（商）","商学","","文系"
"53","東洋大（法イブニング）","法イブニング","","文系"
"53","亜細亜大（法）","法学","","文系"
"53","国士舘大（法）","法学","","文系"
"53","摂南大（法）","法学","","文系"
"53","愛知学院大（文）","文学","","文系"
"53","京都橘大（文）","文学","","文系"
"53","酪農学園大（農食環境学群）","濃食環境学群","","理系"
"53","千葉工業大（工）","工学","","理系"
"53","東海大（海洋）","海洋","","理系"
"53","金沢工業大（工）","工学","","理系"
"53","金沢工業大（建築）","建築","","理系"
"53","近畿大（産業理工-情報）","産業理工","","理系"
"53","福岡大（工）","工学","","理系"
"53","北海道医療大（薬）","薬学","","理系"
"53","茨城キリスト教大（看護）","看護","","理系"
"53","城西大（薬）","薬学","","理系"
"53","西武文理大（看護）","看護","","理系"
"53","帝京平成大（健康医療スポーツ）","健康医療スポーツ","","理系"
"53","日本歯科大（新潟生命歯）","生命歯科","","理系"
"53","日本女子体育大（体育）","やい行く","","理系"
"53","日本体育大（児童スポーツ教育）","児童スポーツ教育","","理系"
"53","福井医療大（保健医療）","保健医療","","理系"
"53","佐久大（看護）","看護","","理系"
"53","長野保健医療大（保健科）","保健科学","","理系"
"53","常葉大（保健医療）","保健医療","","理系"
"53","鈴鹿医療科学大（薬）","薬学","","理系"
"53","京都看護大（看護）","看護","","理系"
"53","藍野大（医療保健）","医療保健","","理系"
"53","大阪体育大（体育）","体育","","理系"
"53","関西医療大（保健医療）","保健医療","","理系"
"53","園田学園女子大（人間健康）","人間健康","","理系"
"53","天理大（体育）","体育","","理系"
"53","四国大（看護）","看護","","理系"
"53","聖マリア学院大（看護）","看護","","理系"
"53","福岡看護大（看護）","看護","","理系"
"53","東都医療大（管理栄養）","管理栄養","","生活科学・芸術"
"53","白梅学園大（子ども）","子ども","","生活科学・芸術"
"53","東京家政学院大（人間栄養）","人間栄養","","生活科学・芸術"
"53","鎌倉女子大（児童）","児童","","生活科学・芸術"
"53","フェリス女学院大（音楽）","音楽","","生活科学・芸術"
"53","日本福祉大（子ども発達）","子ども発達","","生活科学・芸術"
"53","京都造形芸術大（芸術）","芸術","","生活科学・芸術"
"53","甲南女子大（人間科）","人間科学","","生活科学・芸術"
"53","安田女子大（家政）","家政","","生活科学・芸術"
"52","跡見学園女子大（マネジメント）","マネジメント","","文系"
"52","千葉商科大（サービス創造）","サービス創造","","文系"
"52","明星大（経済）","経済","","文系"
"52","金沢星稜大（経済）","経済","","文系"
"52","追手門学院大（経済）","経済","","文系"
"52","大阪産業大（経済）","経済","","文系"
"52","新潟国際情報大（経営情報）","経営情報","","文系"
"52","明星大（経営）","経営","","文系"
"52","摂南大（経営）","経営","","文系"
"52","大阪大谷大（教育）","教育","","文系"
"52","神戸常盤大（教育）","教育","","文系"
"52","桃山学院大（国際教養）","国際教養","","文系"
"52","新潟国際情報大（国際）","国際","","文系"
"52","広島国際大（医療福祉）","医療福祉","","文系"
"52","駒澤大（仏教）","仏教","","文系"
"52","就実大（人文科）","人文科学","","文系"
"52","淑徳大（人文）","人文","","文系"
"52","明星大（人文）","人文","","文系"
"52","金沢星稜大（人文）","人文","","文系"
"52","九州ルーテル学院大（人文）","人文","","文系"
"52","北海道文教大（人間科）","人間科学","","文系"
"52","金沢星稜大（人間科）","人間科学","","文系"
"52","東京福祉大（心理）","心理","","文系"
"52","群馬医療福祉大（社会福祉）","社会福祉","","文系"
"52","日本福祉大（社会福祉）","社会福祉","","文系"
"52","佛教大（社会福祉）","社会福祉","","文系"
"52","追手門学院大（社会）","社会","","文系"
"52","桃山学院大（社会）","社会","","文系"
"52","駒澤大（法フレックスＢ）","法フレックス","","文系"
"52","日本大（法二）","法学","","文系"
"52","大阪経済法科大（法）","法学","","文系"
"52","東洋大（文イブニング）","文イブニング","","文系"
"52","茨城キリスト教大（文）","文学","","文系"
"52","跡見学園女子大（文）","文学","","文系"
"52","甲南女子大（文）","文学","","文系"
"52","安田女子大（文）","文学","","文系"
"52","高崎健康福祉大（健康福祉）","健康福祉","","文系"
"52","神奈川大（工）","工学","","理系"
"52","神奈川工科大（医生命科学特別）","医生生命科学特別","","理系"
"52","中部大（工）","工学","","理系"
"52","札幌保健医療大（保健医療）","保健医療","","理系"
"52","日本医療大（保健医療）","保健医療","","理系"
"52","北海道千歳リハビリテーション大（健康科）","健康科学","","理系"
"52","岩手医科大（薬）","薬学","","理系"
"52","東北医科薬科大（薬）","薬学","","理系"
"52","常磐大（看護）","看護","","理系"
"52","足利大（看護）","看護","","理系"
"52","上武大（看護）","看護","","理系"
"52","亀田医療大（看護）","看護","","理系"
"52","秀明大（看護）","看護","","理系"
"52","淑徳大（看護栄養）","看護栄養","","理系"
"52","桜美林大（健康福祉学群）","健康福祉学群","","理系"
"52","帝京大（福岡医療技術）","医療技術","","理系"
"52","帝京平成大（ヒューマンケア）","ヒューマンケア","","理系"
"52","東京有明医療大（看護）","看護","","理系"
"52","日本体育大（保健医療）","保健医療","","理系"
"52","日本体育大（スポーツマネジメント）","スポーツマネジメント","","理系"
"52","目白大（保健医療）","保健医療","","理系"
"52","神奈川工科大（看護）","看護","","理系"
"52","横浜創英大（看護）","看護","","理系"
"52","岐阜聖徳学園大（看護）","看護","","理系"
"52","修文大（看護）","看護","","理系"
"52","星城大（リハビリテーション）","リハビリテーション","","理系"
"52","名古屋学院大（スポーツ健康）","スポーツ健康","","理系"
"52","人間環境大（看護）","看護","","理系"
"52","鈴鹿医療科学大（保健衛生）","保健衛生","","理系"
"52","京都光華女子大（健康科）","健康科学","","理系"
"52","大阪歯科大（医療保健）","医療保健","","理系"
"52","森ノ宮医療大（保健医療）","保健医療","","理系"
"52","神戸学院大（総合リハビリテーション）","総合リハビリテーション","","理系"
"52","神戸国際大（リハビリテーション）","リハビリテーション","","理系"
"52","姫路大（看護）","看護","","理系"
"52","福岡国際医療福祉大（医療）","医療","","理系"
"52","西九州大（看護）","看護","","理系"
"52","宮城学院女子大（生活科）","生活科学","","生活科学・芸術"
"52","茨城キリスト教大（生活科）","生活科学","","生活科学・芸術"
"52","高崎健康福祉大（人間発達）","人間発達","","生活科学・芸術"
"52","東海大（教養-芸術）","教養","","生活科学・芸術"
"52","東京造形大（造形）","造形","","生活科学・芸術"
"52","東京未来大（こども心理）","子ども心理","","生活科学・芸術"
"52","広島国際大（医療栄養）","医療栄養","","生活科学・芸術"
"51","東京未来大（モチベーション行動科）","モチベーション行動科学","","文系"
"51","新潟医療福祉大（医療経営管理）","う経営管理","","文系"
"51","杏林大（総合政策）","総合政策","","文系"
"51","東洋大（経済イブニング）","経済イブニング","","文系"
"51","城西大（経済）","経済","","文系"
"51","専修大（経済二）","経済","","文系"
"51","関東学院大（経済）","経済","","文系"
"51","名古屋学院大（経済）","経済","","文系"
"51","大阪経済法科大（経済）","経済","","文系"
"51","桃山学院大（経済）","経済","","文系"
"51","神戸学院大（経済）","経済","","文系"
"51","久留米大（経済）","経済","","文系"
"51","中部大（経営情報）","経営情報","","文系"
"51","追手門学院大（経営）","経営","","文系"
"51","大阪経済大（経営２）","経営","","文系"
"51","桃山学院大（経営）","経営","","文系"
"51","神戸学院大（経営）","経営","","文系"
"51","淑徳大（教育）","教育","","文系"
"51","鎌倉女子大（教育）","教育","","文系"
"51","東海学園大（教育）","教育","","文系"
"51","大阪成蹊大（教育）","教育","","文系"
"51","帝塚山大（教育）","教育","","文系"
"51","福岡女学院大（国際キャリア）","国際キャリア","","文系"
"51","東洋大（国際イブニング）","国際イブニング","","文系"
"51","中部大（国際関係）","国際関係","","文系"
"51","千葉商科大（国際教養）","国際教養","","文系"
"51","東洋英和女学院大（国際社会）","国際社会","","文系"
"51","国際医療福祉大（医療福祉）","医療福祉","","文系"
"51","神戸学院大（現代社会）","現代社会","","文系"
"51","金沢工業大（情報フロンティア）","情報フロンティア","","文系"
"51","富山国際大（子ども育成）","子ども教育","","文系"
"51","くらしき作陽大（子ども教育）","子ども教育","","文系"
"51","長崎純心大（人文）","人文","","文系"
"51","広島修道大（人間環境）","人間環境","","文系"
"51","奈良学園大（人間教育）","人間科学","","文系"
"51","東洋英和女学院大（人間科）","人間科学","","文系"
"51","大正大（人間）","人間","","文系"
"51","杏林大（外国語）","外国語","","文系"
"51","大東文化大（外国語）","外国語","","文系"
"51","拓殖大（外国語）","外国語","","文系"
"51","文京学院大（外国語）","外国語","","文系"
"51","帝塚山大（心理）","心理","","文系"
"51","北星学園大（社会福祉）","社会福祉","","文系"
"51","新潟医療福祉大（社会福祉）","社会福祉","","文系"
"51","関東学院大（社会）","社会","","文系"
"51","専修大（商二）","商学","","文系"
"51","近畿大（産業理工-経営ビジネス）","産業履行","","文系"
"51","白鷗大（法）","法学","","文系"
"51","専修大（法二）","法学","","文系"
"51","帝京大（法）","法学","","文系"
"51","桃山学院大（法）","法学","","文系"
"51","神戸学院大（法）","法学","","文系"
"51","久留米大（文）","文学","","文系"
"51","阪南大（流通）","流通","","文系"
"51","亜細亜大（都市創造）","都市創造","","文系"
"51","千歳科学技術大（理工）","理工","","理系"
"51","帝京科学大（生命環境）","生命環境","","理系"
"51","東洋大（理工）","理工","","理系"
"51","神奈川工科大（ＩＣＴスペシャリスト特別）","ICTスペシャリスト特別","","理系"
"51","神奈川工科大（次世代自動車開発特別）","次世代自動車開発特別","","理系"
"51","神奈川工科大（ロボットクリエータ特別）","ロボットクリエータ特別","","理系"
"51","神奈川工科大（機械工学特別）","機械工学特別","","理系"
"51","関東学院大（建築・環境）","建築・環境","","理系"
"51","新潟食料農業大（食料産業）","食料産業","","理系"
"51","新潟薬科大（応用生命科）","応用生命科学","","理系"
"51","近畿大（工）","工学","","理系"
"51","近畿大（産業理工-電気電子工）","産業理工","","理系"
"51","摂南大（理工）","理工","","理系"
"51","崇城大（生物生命）","生物生命","","理系"
"51","桐生大（医療保健）","医療保健","","理系"
"51","聖徳大（看護）","看護","","理系"
"51","千葉科学大（看護）","看護","","理系"
"51","東京情報大（看護）","看護","","理系"
"51","和洋女子大（看護）","看護","","理系"
"51","日本体育大（スポーツ文化）","スポーツ文化","","理系"
"51","湘南医療大（保健医療）","保健医療","","理系"
"51","新潟薬科大（薬）","薬学","","理系"
"51","金城大（医療健康）","医療健康","","理系"
"51","北陸大（薬）","薬学","","理系"
"51","北陸大（医療保健）","医療保健","","理系"
"51","山梨学院大（スポーツ科）","スポーツ科学","","理系"
"51","松本大（人間健康）","人間健康","","理系"
"51","朝日大（歯）","歯科","","理系"
"51","中部学院大（看護リハビリテーション）","看護リハビリテーション","","理系"
"51","一宮研伸大（看護）","看護","","理系"
"51","東海学園大（スポーツ健康科）","スポーツ健康科学","","理系"
"51","京都医療科学大（医療科）","医療科学","","理系"
"51","大阪大谷大（薬）","薬学","","理系"
"51","大阪電気通信大（医療福祉工）","医療福祉工学","","理系"
"51","四條畷学園大（リハビリテーション）","リハビリテーション","","理系"
"51","太成学院大（看護）","看護","","理系"
"51","梅花女子大（看護保健）","看護保健","","理系"
"51","姫路獨協大（看護）","看護","","理系"
"51","鳥取看護大（看護）","看護","","理系"
"51","川崎医療福祉大（医療福祉）","医療福祉","","理系"
"51","山陽学園大（看護）","看護","","理系"
"51","活水女子大（看護）","看護","","理系"
"51","東北工業大（ライフデザイン-クリエイティブデザイン）","ライフデザイン","","生活科学・芸術"
"51","人間総合科学大（人間科-健康栄養）","人間科学","","生活科学・芸術"
"51","聖徳大（人間栄養）","人間栄養","","生活科学・芸術"
"51","桜美林大（芸術文化学群）","芸術文化学群","","生活科学・芸術"
"51","東京工科大（デザイン）","デザイン","","生活科学・芸術"
"51","東京成徳大（子ども）","子ども","","生活科学・芸術"
"51","名古屋女子大（家政）","家政","","生活科学・芸術"
"51","京都精華大（芸術）","芸術","","生活科学・芸術"
"51","京都精華大（ポピュラーカルチャー）","ポピュラーカルチャー","","生活科学・芸術"
"51","大手前大（健康栄養）","健康栄養","","生活科学・芸術"
"51","比治山大（健康栄養）","健康栄養","","生活科学・芸術"
"51","広島女学院大（人間生活）","人間生活","","生活科学・芸術"
"51","西九州大（健康栄養）","健康栄養","","生活科学・芸術"
"50","東北福祉大（総合マネジメント）","総合マネジメント","","文系"
"50","ルーテル学院大（総合人間）","総合人間","","文系"
"50","淑徳大（総合福祉）","総合福祉","","文系"
"50","帝京大（経済）","経済","","文系"
"50","阪南大（経済）","経済","","文系"
"50","阪南大（経営情報）","経営情報","","文系"
"50","青森中央学院大（経営法）","経営","","文系"
"50","白鷗大（経営）","経営","","文系"
"50","城西大（経営）","経営","","文系"
"50","東海大（経営）","経営","","文系"
"50","関東学院大（経営）","経営","","文系"
"50","山梨学院大（経営）","経営","","文系"
"50","常葉大（経営）","経営","","文系"
"50","大阪経済法科大（経営）","経営","","文系"
"50","大阪産業大（経営）","経営","","文系"
"50","川村学園女子大（教育）","教育","","文系"
"50","東京福祉大（教育）","教育","","文系"
"50","松本大（教育）","教育","","文系"
"50","関西福祉科学大（教育）","教育","","文系"
"50","神戸松蔭女子学院大（教育）","教育","","文系"
"50","和歌山信愛大（教育）","教育","","文系"
"50","山口学芸大（教育）","教育","","文系"
"50","宮城学院女子大（学芸）","学芸","","文系"
"50","関東学院大（国際文化）","国際文化","","文系"
"50","名古屋学院大（国際文化）","国際文化","","文系"
"50","大阪経済法科大（国際）","国際","","文系"
"50","筑紫女学園大（現代社会）","現代社会","","文系"
"50","大阪工業大（知的財産）","知的財産","","文系"
"50","大阪樟蔭女子大（児童教育）","自動教育","","文系"
"50","四天王寺大（人文社会）","人文社会","","文系"
"50","和洋女子大（人文）","人文","","文系"
"50","中部大（人文）","人文","","文系"
"50","関東学院大（人間共生）","人間共生","","文系"
"50","常葉大（外国語）","外国語","","文系"
"50","北海道医療大（心理科）","心理科学","","文系"
"50","尚絅学院大（心理・教育学群）","心理・教育学群","","文系"
"50","千葉工業大（社会システム科）","社会システム科学","","文系"
"50","東洋大（社会イブニング）","社会イブニング","","文系"
"50","関東学院大（法）","法学","","文系"
"50","常葉大（法）","法学","","文系"
"50","名古屋学院大（法）","法学","","文系"
"50","盛岡大（文）","文学","","文系"
"50","奈良大（文）","文学","","文系"
"50","京都文教大（臨床心理）","臨床心理","","文系"
"50","東北学院大（工）","工学","","理系"
"50","玉川大（工）","工学","","理系"
"50","帝京大（理工）","理工","","理系"
"50","東海大（理）","理学","","理系"
"50","日本大（工）","老学","","理系"
"50","日本大（生産工）","生産工学","","理系"
"50","長浜バイオ大（バイオサイエンス）","バイオサイエンス","","理系"
"50","大和大（理工）","理工","","理系"
"50","青森中央学院大（看護）","看護","","理系"
"50","弘前学院大（看護）","看護","","理系"
"50","秋田看護福祉大（看護福祉）","看護福祉","","理系"
"50","奥羽大（歯）","歯科","","理系"
"50","奥羽大（薬）","薬学","","理系"
"50","帝京科学大（医療科）","医療科学","","理系"
"50","神奈川歯科大（歯）","歯科","","理系"
"50","松蔭大（看護）","看護","","理系"
"50","常葉大（健康プロデュース）","健康プロデュース","","理系"
"50","日本福祉大（健康科）","健康科学","","理系"
"50","大阪物療大（保健医療）","保健医療","","理系"
"50","大手前大（国際看護）","国際看護","","理系"
"50","関西看護医療大（看護）","看護","","理系"
"50","宝塚大（看護）","看護","","理系"
"50","宝塚医療大（保健医療）","保健医療","","理系"
"50","就実大（薬）","薬学","","理系"
"50","広島文化学園大（看護）","看護","","理系"
"50","福山大（薬）","薬学","","理系"
"50","徳島文理大（保健福祉）","保健医療","","理系"
"50","九州看護福祉大（看護福祉）","看護医療","","理系"
"50","九州保健福祉大（生命医科）","生命医科","","理系"
"50","盛岡大（栄養科）","栄養科学","","生活科学・芸術"
"50","郡山女子大（家政-食物栄養）","家政","","生活科学・芸術"
"50","十文字学園女子大（人間生活）","人間生活","","生活科学・芸術"
"50","聖徳大（児童）","児童","","生活科学・芸術"
"50","東京家政学院大（現代生活）","現代生活","","生活科学・芸術"
"50","東京工芸大（芸術）","芸術","","生活科学・芸術"
"50","東京福祉大（保育児童）","保健児童","","生活科学・芸術"
"50","明星大（デザイン）","デザイン","","生活科学・芸術"
"50","目白大（人間）","人間","","生活科学・芸術"
"50","常葉大（造形）","造形","","生活科学・芸術"
"50","名古屋芸術大（人間発達）","人間発達","","生活科学・芸術"
"50","名古屋文理大（健康生活）","健康生活","","生活科学・芸術"
"50","甲子園大（栄養-栄養）","栄養","","生活科学・芸術"
"50","九州女子大（家政）","家政","","生活科学・芸術"
"50","西南女学院大（保健福祉）","保健福祉","","生活科学・芸術"
"50","活水女子大（健康生活）","健康生活","","生活科学・芸術"
"50","尚絅大（生活科）","生活科学","","生活科学・芸術"
"50","別府大（食物栄養科-食物栄養）","食物栄養科学","","生活科学・芸術"
"49","大阪商業大（総合経営）","総合経営","","文系"
"49","流通経済大（経済）","経済","","文系"
"49","大阪商業大（経済）","経済","","文系"
"49","目白大（経営）","経営","","文系"
"49","神戸親和女子大（発達教育）","発達教育","","文系"
"49","帝京科学大（教育人間科）","教育人間科学","","文系"
"49","育英大（教育）","教育","","文系"
"49","宮崎国際大（教育）","教育","","文系"
"49","山梨学院大（国際リベラルアーツ）","国際リベラルアーツ","","文系"
"49","共栄大（国際経営）","国際経営","","文系"
"49","開智国際大（国際教養）","国際教養","","文系"
"49","中国学園大（国際教養）","国際教養","","文系"
"49","活水女子大（国際文化）","国際文化","","文系"
"49","大阪産業大（国際）","国際","","文系"
"49","佛教大（仏教）","仏教","","文系"
"49","帝京平成大（現代ライフ）","現代ライフ","","文系"
"49","城西大（現代政策）","現代社会","","文系"
"49","京都精華大（人文）","人文","","文系"
"49","神戸学院大（人文）","人文","","文系"
"49","福岡女学院大（人間関係）","人間関係","","文系"
"49","駒沢女子大（人間総合学群）","人間総合学群","","文系"
"49","千葉商科大（人間社会）","人間社会","","文系"
"49","大阪大谷大（人間社会）","人間社会","","文系"
"49","広島文教大（人間科）","人間科学","","文系"
"49","筑紫女学園大（人間科）","人間科学","","文系"
"49","九州女子大（人間科）","人間科学","","文系"
"49","目白大（外国語）","外国語","","文系"
"49","駿河台大（心理）","心理","","文系"
"49","広島国際大（心理）","心理","","文系"
"49","国学院大（神道文化フレックスＡ）","神道文化フレックスA","","文系"
"49","常葉大（社会環境）","社会環境","","文系"
"49","東京福祉大（社会福祉）","社会福祉","","文系"
"49","熊本学園大（社会福祉）","社会福祉","","文系"
"49","久留米大（商）","商学","","文系"
"49","山梨学院大（法）","法学","","文系"
"49","皇学館大（文）","文学","","文系"
"49","大阪大谷大（文）","文学","","文系"
"49","神戸親和女子大（文）","文学","","文系"
"49","帝塚山大（文）","文学","","文系"
"49","天理大（文）","文学","","文系"
"49","別府大（文）","文学","","文系"
"49","東北公益文科大（公益）","交易","","文系"
"49","大阪商業大（公共）","公共","","文系"
"49","神奈川工科大（情報）","情報","","理系"
"49","大阪工業大（情報科）","情報科学","","理系"
"49","岡山理科大（生物地球）","生物地球","","理系"
"49","倉敷芸術科学大（生命科）","生命科学","","理系"
"49","いわき明星大（看護）","看護","","理系"
"49","いわき明星大（健康医療科）","健康医療科学","","理系"
"49","日本ウェルネススポーツ大（スポーツプロモーション）","スポーツプロモーション","","理系"
"49","流通経済大（スポーツ健康科）","スポーツ健康科学","","理系"
"49","日本薬科大（薬）","薬学","","理系"
"49","東京医療学院大（保健医療）","保健医療","","理系"
"49","桐蔭横浜大（スポーツ健康政策）","スポーツ健康政策","","理系"
"49","新潟リハビリテーション大（医療）","医療","","理系"
"49","大阪国際大（人間科）","人間科学","","理系"
"49","関西福祉科学大（保健医療）","保健医療","","理系"
"49","関西福祉科学大（健康福祉）","健康福祉","","理系"
"49","兵庫医療大（薬）","薬学","","理系"
"49","九州保健福祉大（薬）","薬学","","理系"
"49","藤女子大（人間生活）","人間生活","","生活科学・芸術"
"49","東北工業大（ライフデザイン-安全安心生活デザイン）","ライフデザイン","","生活科学・芸術"
"49","人間総合科学大（人間科-ヘルスフードサイエンス）","人間科学","","生活科学・芸術"
"49","和洋女子大（家政）","家政","","生活科学・芸術"
"49","国立音楽大（音楽）","音楽","","生活科学・芸術"
"49","女子美術大（芸術）","芸術","","生活科学・芸術"
"49","桐朋学園大（音楽）","イン学","","生活科学・芸術"
"49","文化学園大（服装）","服装","","生活科学・芸術"
"49","目白大（メディア）","メディア","","生活科学・芸術"
"49","愛知学泉大（家政）","家政","","生活科学・芸術"
"49","神戸松蔭女子学院大（人間科）","人間科学","","生活科学・芸術"
"49","くらしき作陽大（食文化）","食文化","","生活科学・芸術"
"49","中国学園大（子ども）","子ども","","生活科学・芸術"
"49","西九州大（子ども）","子ども","","生活科学・芸術"
"49","長崎国際大（健康管理）","健康管理","","生活科学・芸術"
"48","東北工業大（ライフデザイン-経営コミュニケーション）","ライフデザイン学部","","文系"
"48","松本大（総合経営）","総合経営","","文系"
"48","北海学園大（経済２）","経済","","文系"
"48","熊本学園大（経済）","経済","","文系"
"48","北海学園大（経営２）","経営","","文系"
"48","文京学院大（経営）","経営","","文系"
"48","四天王寺大（経営）","経営","","文系"
"48","岡山理科大（経営）","経営","","文系"
"48","開智国際大（教育）","教育","","文系"
"48","大阪樟蔭女子大（学芸）","学芸","","文系"
"48","九州産業大（国際文化）","国際文化","","文系"
"48","東海大（国際文化）","国際文化","","文系"
"48","大阪女学院大（国際・英語）","国際・英語","","文系"
"48","川崎医療福祉大（医療福祉マネジメント）","医療福祉マネジメント","","文系"
"48","京都ノートルダム女子大（現代人間）","現代心理","","文系"
"48","名古屋学院大（現代社会）","現代社会","","文系"
"48","札幌大（地域共創学群）","地位行き共創学群","","文系"
"48","恵泉女学園大（人文）","人文","","文系"
"48","東海学園大（人文）","人文","","文系"
"48","広島女学院大（人文）","人文","","文系"
"48","常磐大（人間科）","人間科学","","文系"
"48","九州産業大（人間科）","人間科学","","文系"
"48","帝塚山学院大（人間科）","人間科学","","文系"
"48","仙台白百合女子大（人間）","人間","","文系"
"48","埼玉学園大（人間）","人間","","文系"
"48","文京学院大（人間）","人間","","文系"
"48","北海道文教大（外国語）","外国語","","文系"
"48","長崎外国語大（外国語）","外国語","","文系"
"48","熊本学園大（外国語）","外国語","","文系"
"48","東京国際大（言語コミュニケーション）","言語コミュニケーション","","文系"
"48","関西福祉科学大（心理科）","心理科学","","文系"
"48","東海学園大（心理）","心理","","文系"
"48","福岡工業大（社会環境）","社会環境","","文系"
"48","金城大（社会福祉）","社会福祉","","文系"
"48","聖隷クリストファー大（社会福祉）","社会福祉","","文系"
"48","関西福祉科学大（社会福祉）","社会福祉","","文系"
"48","大谷大（社会）","社会","","文系"
"48","千葉商科大（商経）","商経","","文系"
"48","名古屋学院大（商）","商学","","文系"
"48","札幌学院大（法）","法学","","文系"
"48","久留米大（法）","法学","","文系"
"48","沖縄国際大（法）","法学","","文系"
"48","大谷大（文）","文学","","文系"
"48","北海道科学大（工）","工学","","理系"
"48","城西大（理）","理学","","理系"
"48","東海大（工）","工学","","理系"
"48","東海大（情報理工）","情報理工","","理系"
"48","東京電機大（工二）","工学","","理系"
"48","明星大（理工）","理工","","理系"
"48","明星大（情報）","情報","","理系"
"48","ヤマザキ動物看護大（動物看護）","動物看護","","理系"
"48","神奈川工科大（工）","工学","","理系"
"48","神奈川工科大（電気電子特別）","電気電子特別","","理系"
"48","桐蔭横浜大（医用工）","医用工学","","理系"
"48","福井工業大（環境情報）","環境情報","","理系"
"48","大阪産業大（デザイン工）","デザイン工学","","理系"
"48","神戸芸術工科大（芸術工）","芸術工学","","理系"
"48","岡山理科大（理）","理学","","理系"
"48","広島工業大（生命）","生命","","理系"
"48","九州産業大（建築都市工）","建築都市工学","","理系"
"48","北海道医療大（歯）","歯科","","理系"
"48","北海道科学大（薬）","薬学","","理系"
"48","岩手医科大（歯）","歯科","","理系"
"48","岩手保健医療大（看護）","看護","","理系"
"48","東北文化学園大（医療福祉）","医療福祉","","理系"
"48","つくば国際大（医療保健）","医療保健","","理系"
"48","人間総合科学大（保健医療）","保健医療","","理系"
"48","植草学園大（保健医療）","保健医療","","理系"
"48","三育学院大（看護）","看護","","理系"
"48","城西国際大（薬）","薬学","","理系"
"48","鶴見大（歯）","歯科","","理系"
"48","金沢学院大（人間健康）","人間健康","","理系"
"48","岐阜協立大（看護）","看護","","理系"
"48","岐阜保健大（看護）","看護","","理系"
"48","中京学院大（看護）","看護","","理系"
"48","人間環境大（松山看護）","看護","","理系"
"48","京都先端科学大（健康医療）","健康医療","","理系"
"48","大阪河﨑リハビリテーション大（リハビリテーション）","リハビリテーション","","理系"
"48","大阪産業大（スポーツ健康）","スポーツ健康","","理系"
"48","四條畷学園大（看護）","看護","","理系"
"48","姫路獨協大（医療保健）","医療保健","","理系"
"48","広島国際大（薬）","薬学","","理系"
"48","安田女子大（薬）","薬学","","理系"
"48","宇部フロンティア大（人間健康）","人間健康","","理系"
"48","徳島文理大（薬）","薬学","","理系"
"48","徳島文理大（香川薬）","薬学","","理系"
"48","聖カタリナ大（人間健康福祉）","人間健康福祉","","理系"
"48","久留米大（人間健康）","人間健康","","理系"
"48","純真学園大（保健医療）","保健医療","","理系"
"48","福岡歯科大（口腔歯）","歯科","","理系"
"48","西九州大（リハビリテーション）","リハビリテーション","","理系"
"48","九州保健福祉大（保健科）","保健科学","","理系"
"48","鹿児島純心女子大（看護栄養）","看護栄養","","理系"
"48","武蔵野音楽大（音楽）","音楽","","生活科学・芸術"
"48","修文大（健康栄養）","健康栄養","","生活科学・芸術"
"48","京都精華大（マンガ）","漫画","","生活科学・芸術"
"48","帝塚山大（現代生活）","現代生活","","生活科学・芸術"
"48","倉敷芸術科学大（芸術）","げう術","","生活科学・芸術"
"48","四国大（生活科）","生活科学","","生活科学・芸術"
"47","宇都宮共和大（シティライフ）","シティライフ","","文系"
"47","常磐大（総合政策）","総合政策","","文系"
"47","京都文教大（総合社会）","総合社会","","文系"
"47","駿河台大（経済経営）","経済経営","","文系"
"47","北陸大（経済経営）","経済経営","","文系"
"47","麗澤大（経済）","経済","","文系"
"47","流通科学大（経済）","経済","","文系"
"47","九州産業大（経済）","経済","","文系"
"47","沖縄国際大（経済）","経済","","文系"
"47","大阪国際大（経営経済）","経営経済","","文系"
"47","淑徳大（経営）","経営","","文系"
"47","愛知工業大（経営）","経営","","文系"
"47","東京成徳大（応用心理）","応用新り","","文系"
"47","別府大（国際経営）","国際経営","","文系"
"47","追手門学院大（国際教養）","国際教養","","文系"
"47","城西国際大（国際人文）","国際人文","","文系"
"47","鹿児島純心女子大（国際人間）","国際人間","","文系"
"47","京都ノートルダム女子大（国際言語文化）","国際言語文化","","文系"
"47","天理大（国際）","国際","","文系"
"47","広島国際大（医療経営）","医療経営","","文系"
"47","立正大（仏教）","仏教","","文系"
"47","皇学館大（現代日本社会）","現代日本社会","","文系"
"47","和光大（現代人間）","現代人間","","文系"
"47","九州産業大（地域共創）","地域共創","","文系"
"47","岡崎女子大（子ども教育）","子ども教育","","文系"
"47","広島都市学園大（子ども教育）","子ども教育","","文系"
"47","北海学園大（人文２）","人文2","","文系"
"47","札幌学院大（人文）","人文","","文系"
"47","北陸学院大（人間総合）","人間総合","","文系"
"47","恵泉女学園大（人間社会）","人間社会","","文系"
"47","東京国際大（人間社会）","人間社会","","文系"
"47","長崎国際大（人間社会）","人間社会","","文系"
"47","作新学院大（人間文化）","人間文化","","文系"
"47","石巻専修大（人間）","人間","","文系"
"47","仁愛大（人間）","人間","","文系"
"47","清泉女学院大（人間）","人間","","文系"
"47","天理大（人間）","人間","","文系"
"47","千葉科学大（危機管理）","危機管理","","文系"
"47","札幌学院大（心理）","心理","","文系"
"47","川村学園女子大（生活創造）","生活創造","","文系"
"47","関西福祉大（社会福祉）","社会福祉","","文系"
"47","北海商科大（商）","商学","","文系"
"47","流通科学大（商）","商学","","文系"
"47","熊本学園大（商）","商学","","文系"
"47","鹿児島国際大（福祉社会）","福祉社会","","文系"
"47","流通経済大（法）","法学","","文系"
"47","石巻専修大（理工）","理工","","理系"
"47","日本工業大（基幹工）","期幹工","","理系"
"47","拓殖大（工）","工学","","理系"
"47","東海大（情報通信）","情報通信","","理系"
"47","大阪電気通信大（総合情報-デジタルゲーム）","総合情報","","理系"
"47","大阪電気通信大（総合情報-ゲーム＆メディア）","総合情報","","理系"
"47","岡山理科大（総合情報）","総合情報","","理系"
"47","広島工業大（情報）","情報","","理系"
"47","別府大（食物栄養科-発酵食品）","食物栄養科学","","理系"
"47","職業能力開発総合大学校","","","理系"
"47","旭川大（保健福祉）","保健福祉","","理系"
"47","北翔大（生涯スポーツ）","生涯スポーツ","","理系"
"47","弘前医療福祉大（保健）","保健","","理系"
"47","仙台大（体育）","体育","","理系"
"47","いわき明星大（薬）","薬学","","理系"
"47","駿河台大（スポーツ文化）","スポーツ文化","","理系"
"47","東京女子体育大（体育）","体育","","理系"
"47","福井工業大（スポーツ健康科）","スポーツ保健科学","","理系"
"47","松本歯科大（歯）","歯科","","理系"
"47","大阪青山大（健康科）","保健科学","","理系"
"47","大阪行岡医療大（医療）","医療","","理系"
"47","姫路獨協大（薬）","薬学","","理系"
"47","広島都市学園大（健康科）","健康科学","","理系"
"47","広島文化学園大（人間健康）","人間健康","","理系"
"47","松山大（薬）","薬学","","理系"
"47","宇都宮共和大（子ども生活）","子ども生活","","生活科学・芸術"
"47","城西国際大（メディア）","メディア","","生活科学・芸術"
"47","デジタルハリウッド大（デジタルコミュニケーション）","デジタルコミュニケーション","","生活科学・芸術"
"47","東京音楽大（音楽）","音楽","","生活科学・芸術"
"47","東京聖栄大（健康栄養）","健康栄養","","生活科学・芸術"
"47","文化学園大（造形）","敬三","","生活科学・芸術"
"47","日本映画大（映画）","映画","","生活科学・芸術"
"47","岐阜女子大（家政）","家政","","生活科学・芸術"
"47","京都華頂大（現代家政）","現代家政","","生活科学・芸術"
"47","大阪芸術大（芸術）","芸術","","生活科学・芸術"
"47","千里金蘭大（生活科）","生活科学","","生活科学・芸術"
"47","梅花女子大（食文化）","食文化","","生活科学・芸術"
"47","神戸女学院大（音楽）","音楽","","生活科学・芸術"
"47","武庫川女子大（音楽）","音楽","","生活科学・芸術"
"47","くらしき作陽大（音楽）","音楽","","生活科学・芸術"
"47","中国学園大（現代生活）","現代生活","","生活科学・芸術"
"47","梅光学院大（子ども）","子ども","","生活科学・芸術"
"47","南九州大（健康栄養）","健康栄養","","生活科学・芸術"
"47","南九州大（人間発達）","人間発達","","生活科学・芸術"
"47","東北文教大（人間科）","人間科学","","生活科学・芸術"
"47","浦和大（こども）","子ども","","生活科学・芸術"
"47","杉野服飾大（服飾）","服飾","","生活科学・芸術"
"47","名古屋芸術大（芸術）","芸術","","生活科学・芸術"
"47","大阪音楽大（音楽）","音楽","","生活科学・芸術"
"47","梅花女子大（心理こども）","心理子ども","","生活科学・芸術"
"47","大手前大（メディア・芸術）","メディア","","生活科学・芸術"
"47","吉備国際大（アニメーション文化）","アニメーション文化","","生活科学・芸術"
"47","徳島文理大（人間生活）","人間生活","","生活科学・芸術"
"47","活水女子大（音楽）","音楽","","生活科学・芸術"
"47","崇城大（芸術）","芸術","","生活科学・芸術"
"46","沖縄国際大（産業情報）","ん行情報","","文系"
"46","明海大（ホスピタリティ・ツーリズム）","ホスピタリティ・ツーリズム","","文系"
"46","こども教育宝仙大（こども教育）","こども教育","","文系"
"46","京都光華女子大（こども教育）","こども教育","","文系"
"46","多摩大（グローバルスタディーズ）","グローバルスタディーズ","","文系"
"46","東洋学園大（グローバル・コミュニケーション）","グローバル・コミュニケーション","","文系"
"46","大阪観光大（観光）","観光","","文系"
"46","徳島文理大（総合政策）","総合政策","","文系"
"46","東京情報大（総合情報）","総合情報","","文系"
"46","沖縄国際大（総合文化）","総合文化","","文系"
"46","東京国際大（経済）","経済","","文系"
"46","明海大（経済）","経済","","文系"
"46","名古屋商科大（経済）","経済","","文系"
"46","日本福祉大（経済）","経済","","文系"
"46","広島経済大（経済）","経済","","文系"
"46","鹿児島国際大（経済）","経済","","文系"
"46","多摩大（経営情報）","経営情報","","文系"
"46","東海学園大（経営）","経営","","文系"
"46","大阪学院大（経営）","経営","","文系"
"46","広島経済大（経営）","経営","","文系"
"46","宮崎産業経営大（経営）","経営","","文系"
"46","高松大（発達科）","発達科学","","文系"
"46","北翔大（教育文化）","教育文化","","文系"
"46","桃山学院教育大（教育）","教育","","文系"
"46","関西国際大（教育）","教育","","文系"
"46","姫路大（教育）","教育","","文系"
"46","相模女子大（学芸）","学芸","","文系"
"46","北陸大（国際コミュニケーション）","国際コミュニケーション","","文系"
"46","東京国際大（国際関係）","国際関係","","文系"
"46","宮崎国際大（国際教養）","国際教養","","文系"
"46","鹿児島国際大（国際文化）","国際文化","","文系"
"46","名古屋商科大（国際）","国際","","文系"
"46","大手前大（総合文化）","号文化","","文系"
"46","兵庫大（現代ビジネス）","現代ビジネス","","文系"
"46","神戸海星女子学院大（現代人間）","現代人間","","文系"
"46","文化学園大（現代文化）","現代文か","","文系"
"46","比治山大（現代文化）","現代文学","","文系"
"46","大阪観光大（国際交流）","最高流","","文系"
"46","聖学院大（人文）","人文","","文系"
"46","京都先端科学大（人文）","人文","","文系"
"46","西南女学院大（人文）","人文","","文系"
"46","福岡女学院大（人文）","人文","","文系"
"46","園田学園女子大（人間教育）","人間教育","","文系"
"46","流通科学大（人間社会）","人間社会","","文系"
"46","関西国際大（人間科）","人間科学","","文系"
"46","愛知みずほ大（人間科）","人間科学","","文系"
"46","倉敷芸術科学大（危機管理）","危機管理","","文系"
"46","岐阜聖徳学園大（外国語）","外国語","","文系"
"46","大阪学院大（外国語）","外国語","","文系"
"46","吉備国際大（外国語）","外国語","","文系"
"46","聖学院大（心理福祉）","心理福祉","","文系"
"46","聖徳大（心理・福祉）","心理・福祉","","文系"
"46","吉備国際大（心理）","心理","","文系"
"46","弘前学院大（社会福祉）","社会福祉","","文系"
"46","花園大（社会福祉）","社会福祉","","文系"
"46","九州保健福祉大（社会福祉）","社会福祉","","文系"
"46","吉備国際大（社会科）","社会科学","","文系"
"46","流通経済大（社会）","社会","","文系"
"46","目白大（社会）","社会","","文系"
"46","九州産業大（商）","商学","","文系"
"46","福岡大（商二）","商学","","文系"
"46","北海学園大（法２）","法学","","文系"
"46","岡山商科大（法）","法学","","文系"
"46","宮崎産業経営大（法）","法学","","文系"
"46","中央学院大（法）","法","","文系"
"46","北海道科学大（未来デザイン）","未来デザイン","","文系"
"46","川村学園女子大（文）","文学","","文系"
"46","鶴見大（文）","文学","","文系"
"46","神戸松蔭女子学院大（文）","文学","","文系"
"46","東北工業大（工）","工学","","理系"
"46","日本工業大（先進工）","先生ん工学","","理系"
"46","日本工業大（建築）","建築","","理系"
"46","東京工芸大（工）","工学","","理系"
"46","神奈川工科大（創造工）","創造工学","","理系"
"46","福井工業大（工）","工学","","理系"
"46","大同大（情報）","情報","","理系"
"46","大同大（工）","工学","","理系"
"46","鈴鹿医療科学大（医用工）","医用工学","","理系"
"46","京都先端科学大（バイオ環境）","バイオ環境","","理系"
"46","大阪電気通信大（総合情報-情報）","総合情報","","理系"
"46","大阪電気通信大（工）","工学","","理系"
"46","岡山理科大（工）","工学","","理系"
"46","広島工業大（工）","工学","","理系"
"46","広島工業大（環境）","環境","","理系"
"46","福山大（生命工）","生命工学","","理系"
"46","九州産業大（理工）","理工","","理系"
"46","福岡工業大（工）","工学","","理系"
"46","福岡工業大（情報工）","情報工","","理系"
"46","崇城大（情報）","情報","","理系"
"46","南九州大（環境園芸）","環境園芸","","理系"
"46","国際武道大（体育）","体躯","","理系"
"46","千葉科学大（薬）","薬学","","理系"
"46","健康科学大（健康科）","医療科学","","理系"
"46","健康科学大（看護）","看護","","理系"
"46","聖泉大（看護）","看護","","理系"
"46","明治国際医療大（看護）","看護","","理系"
"46","兵庫大（健康科）","健康科学","","理系"
"46","福山平成大（看護）","看護","","理系"
"46","九州共立大（スポーツ）","スポーツ","","理系"
"46","西九州大（健康福祉）","健康福祉","","理系"
"46","長崎国際大（薬）","薬学","","理系"
"45","広島経済大（メディアビジネス）","メディアビジネス","","文系"
"45","大阪成蹊大（マネジメント）","マネジメント","","文系"
"45","上武大（ビジネス情報）","ビジネス情報","","文系"
"45","名古屋商科大（商）","しょうがく","","文系"
"45","横浜創英大（こども教育）","こども教育","","文系"
"45","鈴鹿大（こども教育）","こども教育","","文系"
"45","平安女学院大（子ども教育）","こども教育","","文系"
"45","城西国際大（観光）","観光","","文系"
"45","尚美学園大（総合政策）","総合政策","","文系"
"45","京都先端科学大（経済経営）","経済経営","","文系"
"45","帝塚山大（経済経営）","経済経営","","文系"
"45","ノースアジア大（経済）","経済","","文系"
"45","千葉経済大（経済）","経済","","文系"
"45","名古屋経済大（経済）","経済","","文系"
"45","岡山商科大（経済）","経済","","文系"
"45","福山大（経済）","経済","","文系"
"45","日本文理大（経営経済）","経営経済","","文系"
"45","城西国際大（経営情報）","経営情報","","文系"
"45","高千穂大（経営）","経営","","文系"
"45","東京成徳大（経営）","経営","","文系"
"45","静岡産業大（経営）","経営","","文系"
"45","環太平洋大（経営）","経営","","文系"
"45","福山平成大（経営）","経営","","文系"
"45","高松大（経営）","経営","","文系"
"45","植草学園大（発達教育）","発達教育","","文系"
"45","花園大（発達教育）","発達教育","","文系"
"45","びわこ学院大（教育福祉）","教育福祉","","文系"
"45","中部学院大（教育）","教育","","文系"
"45","桜花学園大（学芸）","学芸","","文系"
"45","平安女学院大（国際観光）","国際経営","","文系"
"45","大阪国際大（国際教養）","国際教養","","文系"
"45","大正大（仏教）","仏教","","文系"
"45","東洋学園大（現代経営）","現代経営","","文系"
"45","富山国際大（現代社会）","現代社会","","文系"
"45","大手前大（現代社会）","現代社会","","文系"
"45","東京純心大（現代文化）","現代文化","","文系"
"45","尚絅大（現代文化）","現代文化","","文系"
"45","和光大（表現）","表現","","文系"
"45","環太平洋大（次世代教育）","次世代教育","","文系"
"45","八戸学院大（地域経営）","地域経営","","文系"
"45","聖学院大（政治経済）","政治経済","","文系"
"45","千葉商科大（政策情報）","政策情報","","文系"
"45","北海道情報大（情報メディア）","情報メディア","","文系"
"45","尚絅学院大（人文社会学群）","人文社会学群","","文系"
"45","松山東雲女子大（人文科）","人文科学","","文系"
"45","種智院大（人文）","人文","","文系"
"45","志学館大（人間関係）","人間関係","","文系"
"45","姫路獨協大（人間社会学群）","人間社会学群","","文系"
"45","相模女子大（人間社会）","人間社会","","文系"
"45","宇部フロンティア大（人間社会）","人間社会","","文系"
"45","山梨英和大（人間文化）","人間文化","","文系"
"45","福山大（人間文化）","人間文化","","文系"
"45","高千穂大（人間科）","人間科学","","文系"
"45","東洋学園大（人間科）","人間科学","","文系"
"45","甲子園大（心理）","心理","","文系"
"45","兵庫大（生涯福祉）","生涯福祉","","文系"
"45","神戸医療福祉大（社会福祉）","社会福祉","","文系"
"45","四国学院大（社会福祉）","社会福祉","","文系"
"45","札幌大谷大（社会）","社会","","文系"
"45","青森大（社会）","社会","","文系"
"45","奈良大（社会）","社会","","文系"
"45","四国学院大（社会）","社会","","文系"
"45","高崎商科大（商）","商学","","文系"
"45","東京国際大（商）","商学","","文系"
"45","中央学院大（商）","商学","","文系"
"45","横浜商科大（商）","商学","","文系"
"45","保健医療経営大（保健医療経営）","保険医療経営","","文系"
"45","城西国際大（福祉総合）","福祉総合","","文系"
"45","郡山女子大（家政-人間生活）","福祉","","文系"
"45","福島学院大（福祉）","福祉","","文系"
"45","ノースアジア大（法）","法学","","文系"
"45","駿河台大（法）","法学","","文系"
"45","平成国際大（法）","法学","","文系"
"45","高岡法科大（法）","法学","","文系"
"45","帝塚山大（法）","法学","","文系"
"45","志学館大（法）","法学","","文系"
"45","弘前学院大（文）","文学","","文系"
"45","花園大（文）","文学","","文系"
"45","高野山大（文）","文学","","文系"
"45","梅光学院大（文）","文学","","文系"
"45","四国大（文）","文学","","文系"
"45","徳島文理大（文）","文学","","文系"
"45","筑紫女学園大（文）","文学","","文系"
"45","梅花女子大（文化表現）","文化表現","","文系"
"45","流通経済大（流通情報）","流通情報","","文系"
"45","北海学園大（工）","工学","","理系"
"45","関東学院大（理工）","理工","","理系"
"45","新潟工科大（工）","工学","","理系"
"45","大阪産業大（工）","工学","","理系"
"45","長崎総合科学大（総合情報）","総合情報","","理系"
"45","崇城大（工）","工学","","理系"
"45","青森大（薬）","薬学","","理系"
"45","八戸学院大（健康医療）","健康医療","","理系"
"45","平成国際大（スポーツ健康）","スポーツ健康","","理系"
"45","中部学院大（スポーツ健康科）","スポーツ健康科学","","理系"
"45","静岡産業大（スポーツ人間科）","スポーツ人間科学","","理系"
"45","大阪人間科学大（人間科）","人間科学","","理系"
"45","環太平洋大（体育）","体育","","理系"
"45","福山平成大（福祉健康）","福祉健康","","理系"
"45","第一薬科大（薬）","薬学","","理系"
"45","東北女子大（家政）","家政","","生活科学・芸術"
"45","東北生活文化大（家政）","家政","","生活科学・芸術"
"45","文星芸術大（美術）","美術","","生活科学・芸術"
"45","尚美学園大（芸術情報）","芸術情報","","生活科学・芸術"
"45","聖徳大（音楽）","音楽","","生活科学・芸術"
"45","上野学園大（音楽）","音楽","","生活科学・芸術"
"45","昭和音楽大（音楽）","音楽","","生活科学・芸術"
"45","洗足学園音楽大（音楽）","音楽","","生活科学・芸術"
"45","田園調布学園大（子ども未来）","子ども未来","","生活科学・芸術"
"45","横浜美術大（美術）","美術","","生活科学・芸術"
"45","金沢学院大（芸術）","芸術","","生活科学・芸術"
"45","静岡福祉大（子ども）","子ども","","生活科学・芸術"
"45","名古屋音楽大（音楽）","音楽","","生活科学・芸術"
"45","名古屋経済大（人間生活科）","人間生活科学","","生活科学・芸術"
"45","名古屋造形大（造形）","造形","","生活科学・芸術"
"45","成安造形大（芸術）","芸術","","生活科学・芸術"
"45","大阪成蹊大（芸術）","芸術","","生活科学・芸術"
"45","東大阪大（こども）","子ども","","生活科学・芸術"
"45","甲子園大（栄養-フードデザイン）","栄養","","生活科学・芸術"
"45","宝塚大（東京メディア芸術）","メディア芸術","","生活科学・芸術"
"45","岡山学院大（人間生活）","人間生活","","生活科学・芸術"
"45","九州産業大（芸術）","芸術","","生活科学・芸術"
"44","帝塚山学院大（リベラルアーツ）","リベラルアーツ","","文系"
"44","江戸川大（メディアコミュニケーション）","メディアコミュニケーション","","文系"
"44","駿河台大（メディア情報）","メディア情報","","文系"
"44","西武文理大（サービス経営）","サービス経営","","文系"
"44","淑徳大（コミュニティ政策）","コミュニティ政策","","文系"
"44","新潟経営大（観光経営）","こう経営","","文系"
"44","京都光華女子大（キャリア形成）","キャリア形成","","文系"
"44","札幌国際大（観光）","観光","","文系"
"44","青森大（総合経営）","総合経営","","文系"
"44","東北文化学園大（総合政策）","総合政策","","文系"
"44","山陽学園大（総合人間）","総合人間","","文系"
"44","東日本国際大（経済経営）","経済経営","","文系"
"44","和光大（経済経営）","経済経営","","文系"
"44","長岡大（経済経営）","経済経営","","文系"
"44","岐阜聖徳学園大（経済情報）","経済情報","","文系"
"44","旭川大（経済）","経済","","文系"
"44","札幌学院大（経済）","経済","","文系"
"44","富士大（経済）","経済","","文系"
"44","関東学園大（経済）","経済","","文系"
"44","敬愛大（経済）","経済","","文系"
"44","岐阜協立大（経済）","経済","","文系"
"44","大阪学院大（経済）","経済","","文系"
"44","徳山大（経済）","経済","","文系"
"44","九州共立大（経済）","経済","","文系"
"44","日本経済大（経済）","経済","","文系"
"44","嘉悦大（経営経済）","経営経済","","文系"
"44","北海道情報大（経営情報）","経営情報","","文系"
"44","筑波学院大（経営情報）","経営情報","","文系"
"44","金沢学院大（経営情報）","経営情報","","文系"
"44","四国大（経営情報）","経営情報","","文系"
"44","九州情報大（経営情報）","経営情報","","文系"
"44","札幌学院大（経営）","経営","","文系"
"44","星槎道都大（経営）","経営","","文系"
"44","石巻専修大（経営）","経営","","文系"
"44","作新学院大（経営）","経営","","文系"
"44","中京学院大（経営）","経営","","文系"
"44","名古屋経済大（経営）","経営","","文系"
"44","名古屋商科大（経営）","経営","","文系"
"44","太成学院大（経営）","経営","","文系"
"44","関西国際大（経営）","経営","","文系"
"44","岡山商科大（経営）","経営","","文系"
"44","日本経済大（経営）","経営","","文系"
"44","広島文化学園大（学芸）","学芸","","文系"
"44","関西国際大（国際コミュニケーション）","国際コミュニケーション","","文系"
"44","武蔵野学院大（国際コミュニケーション）","国際コミュニケーション","","文系"
"44","鈴鹿大（国際人間科）","国際人間科学","","文系"
"44","日本福祉大（国際福祉開発）","国際福祉開発","","文系"
"44","苫小牧駒澤大（国際文化）","国際文化","","文系"
"44","東京成徳大（国際）","国際","","文系"
"44","敬愛大（国際）","国際","","文系"
"44","大阪学院大（国際）","国際","","文系"
"44","北海道情報大（医療情報）","医療情報","","文系"
"44","城西国際大（環境社会）","環境社会","","文系"
"44","九州国際大（現代ビジネス）","現代ビジネス","","文系"
"44","中央学院大（現代教養）","現代教養","","文系"
"44","羽衣国際大（現代社会）","現代社会","","文系"
"44","神戸山手大（現代社会）","現代社会","","文系"
"44","長崎ウエスレヤン大（現代社会）","現代社会","","文系"
"44","山陽学園大（地域マネジメント）","地域マネジメント","","文系"
"44","名古屋文理大（情報メディア）","情報メディア","","文系"
"44","広島国際学院大（情報文化）","情報文化","","文系"
"44","札幌国際大（人文）","人文","","文系"
"44","相愛大（人文）","人文","","文系"
"44","沖縄大（人文）","人文","","文系"
"44","沖縄キリスト教学院大（人文）","人文","","文系"
"44","東海学院大（人間関係）","人間関係","","文系"
"44","埼玉工業大（人間社会）","人間社会","","文系"
"44","静岡英和学院大（人間社会）","人間社会","","文系"
"44","中部学院大（人間福祉）","人間福祉","","文系"
"44","愛国学園大（人間文化）","人間文化","","文系"
"44","東亜大（人間科）","人間科学","","文系"
"44","太成学院大（人間）","人間","","文系"
"44","聖泉大（人間）","人間","","文系"
"44","明海大（外国語）","外国語","","文系"
"44","東京基督教大（神）","神学","","文系"
"44","東京神学大（神）","神学","","文系"
"44","星槎道都大（社会福祉）","社会福祉","","文系"
"44","静岡福祉大（社会福祉）","社会福祉","","文系"
"44","同朋大（社会福祉）","社会福祉","","文系"
"44","函館大（商）","商学","","文系"
"44","高千穂大（商）","商学","","文系"
"44","明海大（不動産）","不動山","","文系"
"44","徳山大（福祉情報）","福祉情報","","文系"
"44","沖縄大（法経）","法経","","文系"
"44","日本文化大（法）","法学","","文系"
"44","桐蔭横浜大（法）","法学","","文系"
"44","名古屋経済大（法）","法学","","文系"
"44","大阪学院大（法）","法学","","文系"
"44","九州国際大（法）","法学","","文系"
"44","聖徳大（文）","文学","","文系"
"44","金沢学院大（文）","文学","","文系"
"44","四国学院大（文）","文学","","文系"
"44","岐阜女子大（文化創造）","文化創造","","文系"
"44","八戸工業大（感性デザイン）","感性デザイン","","文系"
"44","足利大（工）","工学","","理系"
"44","静岡理工科大（理工）","理工","","理系"
"44","大阪電気通信大（情報通信工）","情報通信工学","","理系"
"44","九州産業大（生命科）","生命科学","","理系"
"44","久留米工業大（工）","工学","","理系"
"44","長崎総合科学大（工）","工学","","理系"
"44","日本文理大（工）","工学","","理系"
"44","札幌国際大（スポーツ人間）","スポーツ人間","","理系"
"44","東日本国際大（健康福祉）","健康福祉","","理系"
"44","東京有明医療大（保健医療）","保健医療","","理系"
"44","東海学院大（健康福祉）","健康福祉","","理系"
"44","びわこ成蹊スポーツ大（スポーツ）","スポーツ","","理系"
"44","明治国際医療大（保健医療）","保健医療","","理系"
"44","東亜大（医療）","医療","","理系"
"44","東邦音楽大（音楽）","音楽","","生活科学・芸術"
"44","愛知産業大（造形）","造形","","生活科学・芸術"
"44","嵯峨美術大（芸術）","芸術","","生活科学・芸術"
"44","相愛大（人間発達）","人間発達","","生活科学・芸術"
"44","相愛大（音楽）","音楽","","生活科学・芸術"
"44","常磐会学園大（国際こども教育）","国際子ども教育","","生活科学・芸術"
"44","羽衣国際大（人間生活）","人間生活","","生活科学・芸術"
"44","エリザベト音楽大（音楽）","音楽","","生活科学・芸術"
"44","至誠館大（ライフデザイン）","ライフデザイン","","生活科学・芸術"
"44","東亜大（芸術）","芸術","","生活科学・芸術"
"44","徳島文理大（音楽）","音楽","","生活科学・芸術"
"44","平成音楽大（音楽）","音楽","","生活科学・芸術"
"43","松蔭大（コミュニケーション文化）","コミュニケーション文化","","文系"
"43","秀明大（観光ビジネス）","観光ビジネス","","文系"
"43","秀明大（総合経営）","総合経営","","文系"
"43","埼玉学園大（経済経営）","経済経営","","文系"
"43","新潟産業大（経済）","経済","","文系"
"43","神戸国際大（経済）","経済","","文系"
"43","芦屋大（経営教育）","経営教育","","文系"
"43","新潟経営大（経営情報）","経営情報","","文系"
"43","愛知産業大（経営）","経営","","文系"
"43","愛知東邦大（経営）","経営","","文系"
"43","星城大（経営）","経営","","文系"
"43","愛知東邦大（教育）","教育","","文系"
"43","名古屋産業大（現代ビジネス）","現代ビジネス","","文系"
"43","浜松学院大（現代コミュニケーション）","現代コミュニケーション","","文系"
"43","稚内北星学園大（情報メディア）","情報メディア","","文系"
"43","静岡理工科大（情報）","情報","","文系"
"43","愛知文教大（人文）","人文","","文系"
"43","人間環境大（人間環境）","人間環境","","文系"
"43","秀明大（英語情報マネジメント）","英語情報マネジメント","","文系"
"43","熊本学園大（社会福祉二）","社会福祉","","文系"
"43","江戸川大（社会）","社会","","文系"
"43","大阪学院大（商）","商学","","文系"
"43","清和大（法）","法学","","文系"
"43","八戸工業大（工）","工学","","理系"
"43","東北文化学園大（科学技術）","科学技術","","理系"
"43","埼玉工業大（工）","工学","","理系"
"43","東海大（基盤工）","基盤工学","","理系"
"43","大阪学院大（情報）","情報","","理系"
"43","広島国際学院大（工）","工学","","理系"
"43","福山大（工）","工学","","理系"
"43","徳島文理大（理工）","理工","","理系"
"43","愛知東邦大（人間健康）","人間健康","","理系"
"43","札幌大谷大（芸術）","芸術","","生活科学・芸術"
"43","星槎道都大（美術）","美術","","生活科学・芸術"
"43","聖徳大（児童夜）","児童","","生活科学・芸術"
"42","嘉悦大（ビジネス創造）","ビジネス創造","","文系"
"42","松蔭大（観光メディア文化）","観光メディア文化","","文系"
"42","四日市大（総合政策）","総合政策","","文系"
"42","浦和大（総合福祉）","総合福祉","","文系"
"42","松蔭大（経営文化）","経営文化","","文系"
"42","東京富士大（経営）","経営","","文系"
"42","岐阜協立大（経営）","経営","","文系"
"42","豊橋創造大（経営）","経営","","文系"
"42","身延山大（仏教）","仏教","","文系"
"42","敬和学園大（人文）","人文","","文系"
"42","田園調布学園大（人間福祉）","人間福祉","","文系"
"42","朝日大（法）","法学","","文系"
"42","同朋大（文）","文学","","文系"
"42","芦屋大（臨床教育）","臨床教育","","文系"
"42","青森大（ソフトウェア情報）","ソフトウェア情報","","理系"
"42","ものつくり大（技能工芸）","技能工芸","","理系"
"42","湘南工科大（工）","工学","","理系"
"42","愛知工科大（工）","工学","","理系"
"42","西日本工業大（工）","工学","","理系"
"42","第一工業大（工）","工学","","理系"
"42","明治国際医療大（鍼灸）","鍼灸","","理系"
"42","四日市大（環境情報）","環境情報","","生活科学・芸術"
"42","西日本工業大（デザイン）","デザイン","","生活科学・芸術"
"40","朝日大（経営）","経営","","文系"
